orchestra_id,orchestra,orchestra_count,date,title,text,link
134,セルビア日本音楽交流推進の会 3人のピアニストが奏でる音の輪,1,2019-11-04,セルビア日本音楽交流推進の会 3人のピアニストが奏でる音の輪,●セルビア日本音楽交流推進の会 3人のピアニストが奏でる音の輪2019年11月4日(月)目黒パーシモン小ホールLP DUO： 崩壊ーレオニード・シェイカのためのオスティナート （日本初演）  ライチコビッチ： 貴方のいないデュエット （日本初演）  ティルマン： Until We Meet Again （日本初演）  他,http://i-amabile.com/concert/serbia_society191104
237,梨本宮里ピアノデュオ Contemporary Piano Duo Concert「響鳴」,1,2019-11-02,梨本宮里ピアノデュオ Contemporary Piano Duo Concert「響鳴」,●梨本宮里ピアノデュオ Contemporary Piano Duo Concert「響鳴」2019年11月2日(土)公園通りクラシックスRaimo Kangro： Klimper Op.20 No.4 （日本初演）  川上統： 越前海月 (2019年改訂版) （世界初演）  他,http://i-amabile.com/concert/nashimiyapduo191102
161,浦和フィルハーモニー管弦楽団 ,1,2019-10-27,浦和フィルハーモニー管弦楽団 第６７回定期演奏会,●浦和フィルハーモニー管弦楽団 第６７回定期演奏会2019年10月27日(日)彩の国さいたま芸術劇場音楽ホール　佐藤 寿一（当団音楽監督）指揮フェルフルスト： 交響曲ホ短調 （日本初演）  他,http://i-amabile.com/concert/urawaphil67
284,筑波研究学園都市吹奏楽団 ,1,2019-10-27,筑波研究学園都市吹奏楽団 第33回定期演奏会,●筑波研究学園都市吹奏楽団 第33回定期演奏会2019年10月27日(日)茨城県つくば市ノバホール　野宮 敏明指揮ミゲル・アシンス・アルボ： バレエ （日本初演）  他,http://i-amabile.com/concert/tsukuba_toshibrass33
270,Otodémie / オトデミー 吹奏楽×Art音楽会『波紋... かさなり、交差する。』,1,2019-10-27,Otodémie / オトデミー 吹奏楽×Art音楽会『波紋... かさなり、交差する。』,●Otodémie / オトデミー 吹奏楽×Art音楽会『波紋... かさなり、交差する。』2019年10月27日(日)三鷹市公会堂 光のホール（東京都三鷹市野崎1-1-1）　小野杏奈指揮C.ドビュッシー： 海 - 3つの交響的素描(交響吹奏楽版) （日本初演）  樽屋雅徳： マードックからの最後の手紙(交響吹奏楽版) （世界初演）  他,http://i-amabile.com/concert/otodemie191027
178,ジュンス(p)×高瀬啓伍 TOUR 2019 of From BOOGIE to The FUTURE -FINAL-,1,2019-10-19,ジュンス(p)×高瀬啓伍 TOUR 2019 of From BOOGIE to The FUTURE -FINAL-,●ジュンス(p)×高瀬啓伍 TOUR 2019 of From BOOGIE to The FUTURE -FINAL-2019年10月19日(土)TheGLEE高瀬啓伍： Boogie Woogie Lives On （世界初演）  他,http://i-amabile.com/concert/junss_keigo191019
108,ハンガリーフェア実行委員会 ÁDÁM GYÖRGY Piano Recital 2019 Final,1,2019-10-15,ハンガリーフェア実行委員会 ÁDÁM GYÖRGY Piano Recital 2019 Final,●ハンガリーフェア実行委員会 ÁDÁM GYÖRGY Piano Recital 2019 Final2019年10月15日(火)Bunkamura オーチャードホールアダム・ジョージ： オリジナル楽曲 （日本初演）  他,http://i-amabile.com/concert/concert191015
150,あんさんぶるおとまつコンサート２０１９,1,2019-10-06,あんさんぶるおとまつコンサート２０１９,●あんさんぶるおとまつコンサート２０１９2019年10月6日(日)柏屋楽器 FORUM ホール（埼玉県さいたま市浦和区岸町7-1-9、JR「浦和」駅西口より徒歩約７分）池之上覚皇： 弦楽六重奏のための委嘱作品（仮称） （世界初演）  他,http://i-amabile.com/concert/otomatsu2019
141,トリオ・ラディアンス ファーストコンサート,1,2019-10-06,トリオ・ラディアンス ファーストコンサート,●トリオ・ラディアンス ファーストコンサート2019年10月6日(日)金沢21世紀美術館　シアター21マーレ： オーボエ・ファゴット・ピアノのための三重奏曲（日本初演） （日本初演）  他,http://i-amabile.com/concert/trioradiance191006
247,川口交響吹奏楽団 ,1,2019-09-29,川口交響吹奏楽団 第２３回定期演奏会,●川口交響吹奏楽団 第２３回定期演奏会2019年9月29日(日)川口総合文化センター・リリア メインホール(京浜東北線 川口駅西口より徒歩1分)　佐藤知之（VIVID BRASS TOKYO コルネット奏者）指揮編曲:小泉貴久： Latina Paradise～川響オリジナルアレンジ～ （世界初演）  他,http://i-amabile.com/concert/kawaguchi_sym_wind23
0,オーケストラ・ナデージダ ,11,2019-09-28,オーケストラ・ナデージダ 第20回演奏会,●オーケストラ・ナデージダ 第20回演奏会2019年9月28日(土)府中の森芸術劇場 ウィーンホール　渡辺 新指揮ヴィレーン： 演奏会用序曲第1番 作品2 （日本初演）  他,http://i-amabile.com/concert/nadezhda20
139,NODUS vol.2 -谺する息吹-,1,2019-09-16,NODUS vol.2 -谺する息吹-,●NODUS vol.2 -谺する息吹-2019年9月16日(月)トーキョーコンサーツ・ラボ　浦部雪指揮ハインツ・ホリガー： 木管五重奏のための”h” （日本初演）  他,http://i-amabile.com/concert/nodus2
8,アンサンブル・フリーEAST ,4,2019-09-16,アンサンブル・フリーEAST 第12回演奏会,●アンサンブル・フリーEAST 第12回演奏会2019年9月16日(月)ティアラこうとう大ホール　浅野亮介指揮R.ナシフ： mindfulness of breathing [委嘱作品/アジア初演] （日本初演）  他,http://i-amabile.com/concert/ensemblefree_east12
225,松戸シティフィルハーモニー管弦楽団 ,1,2019-09-15,松戸シティフィルハーモニー管弦楽団 第41回定期演奏会,●松戸シティフィルハーモニー管弦楽団 第41回定期演奏会2019年9月15日(日)森のホール２１　大ホール　尾崎晋也指揮エネスク： 交響組曲「ルーマニアの詩」 （日本初演）  他,http://i-amabile.com/concert/matsudo_cpo41
158,市川学園オーケストラ部 2019 Summer Concert,1,2019-08-23,市川学園オーケストラ部 2019 Summer Concert,●市川学園オーケストラ部 2019 Summer Concert2019年8月23日(金)習志野文化ホールA.メンケン： オーケストラのための「アラジン」組曲 （世界初演）  他,http://i-amabile.com/concert/igochp190823
5,絶頂 ,4,2019-08-17,絶頂 第二回 絶頂（19:00公演）,●絶頂 第二回 絶頂（19:00公演）2019年8月17日(土)宮城野区文化センター　パトナシアター大久保雅基： 弦楽四重奏と声のための新作 （世界初演）  他,http://i-amabile.com/concert/zetcho190817_2
5,絶頂 ,4,2019-08-17,絶頂 第二回 絶頂（15:00公演）,●絶頂 第二回 絶頂（15:00公演）2019年8月17日(土)宮城野区文化センター　パトナシアター大久保雅基： 弦楽四重奏と声のための新作 （世界初演）  他,http://i-amabile.com/concert/zetcho190817_1
310,ベートーヴェンの会 ,1,2019-08-15,ベートーヴェンの会 第3回公演　“軽井沢の音楽会2019”,●ベートーヴェンの会 第3回公演　“軽井沢の音楽会2019”2019年8月15日(木)軽井沢大賀ホールショパン： ピアノ協奏曲 第2番 （日本初演）  他,http://i-amabile.com/concert/beethoven_club3
245,麻布学園OBオーケストラ特別演奏会2019,1,2019-08-12,麻布学園OBオーケストラ特別演奏会2019,●麻布学園OBオーケストラ特別演奏会20192019年8月12日(月)サントリーホール大ホール　鈴木優人指揮黒田崇宏： Let’s also be careful about small things II （世界初演）  他,http://i-amabile.com/concert/azabu_ob190812
277,「平和を願う」パイプオルガンの響き〜紛争の国から〜,1,2019-08-11,「平和を願う」パイプオルガンの響き〜紛争の国から〜,●「平和を願う」パイプオルガンの響き〜紛争の国から〜2019年8月11日(日)仙台カテドラル　元寺小路教会A. ピエルッチ： ミサ曲『永遠のエルサレム』 （日本初演）  他,http://i-amabile.com/concert/seichi_no_kodomo190811
295,中山美輝 パーカッションリサイタル (公財)青山音楽財団新人助成公演,1,2019-08-09,中山美輝 パーカッションリサイタル (公財)青山音楽財団新人助成公演,●中山美輝 パーカッションリサイタル (公財)青山音楽財団新人助成公演2019年8月9日(金)京都・青山音楽記念館バロックザール稲谷祐亮： カホンソロのための「dia-Monolog/mono-Dialog 自問、渦渦渦…」 （世界初演）  他,http://i-amabile.com/concert/concert190809
24,NUJ.Project 死女の唄（シビトノウタ）,2,2019-08-09,NUJ.Project 死女の唄（シビトノウタ）,●NUJ.Project 死女の唄（シビトノウタ）2019年8月9日(金)杉並公会堂小ホール石川潤： 胎児よ　−　夢野久作「ドグラマグラ」より （世界初演）  石川潤： お兄さま、お兄さま　−　夢野久作「ドグラマグラ」より （世界初演）  石川潤： 百年待っていて下さい　−　夏目漱石「夢十夜」から「第一夜」より （世界初演）  石川潤： 恨みわび　−　百人一首 より （世界初演）  石川潤： わが心の楽しさを思ひ玉へ　−　森鴎外「舞姫」より （世界初演）  他,http://i-amabile.com/concert/nuj190809_2
24,NUJ.Project 死女の唄（シビトノウタ）,2,2019-08-09,NUJ.Project 死女の唄（シビトノウタ）,●NUJ.Project 死女の唄（シビトノウタ）2019年8月9日(金)杉並公会堂小ホール石川潤： 胎児よ　−　夢野久作「ドグラマグラ」より （世界初演）  石川潤： お兄さま、お兄さま　−　夢野久作「ドグラマグラ」より （世界初演）  石川潤： 百年待っていて下さい　−　夏目漱石「夢十夜」から「第一夜」より （世界初演）  石川潤： 恨みわび　−　百人一首 より （世界初演）  石川潤： わが心の楽しさを思ひ玉へ　−　森鴎外「舞姫」より （世界初演）  石川潤： わたしを覚えて （世界初演）  他,http://i-amabile.com/concert/nuj190809
220,絶頂　山形サロンコンサート,1,2019-07-30,絶頂　山形サロンコンサート,●絶頂　山形サロンコンサート2019年7月30日(火)gura　ラウンジホール弦楽四重奏と声のための新作：  （世界初演）  他,http://i-amabile.com/concert/zetcho190730
251,東京フルトヴェングラー研究会管弦楽団 ,1,2019-07-27,東京フルトヴェングラー研究会管弦楽団 第50回記念定期演奏会,●東京フルトヴェングラー研究会管弦楽団 第50回記念定期演奏会2019年7月27日(土)小松川さくらホール　野口 剛夫指揮野口剛夫： 序曲《蜘蛛の糸》 （世界初演）  他,http://i-amabile.com/concert/fitpo50
169,信長貴富作品展実行委員会 独唱と重唱で楽しむ　信長貴富作品展PartⅡ,1,2019-07-22,信長貴富作品展実行委員会 独唱と重唱で楽しむ　信長貴富作品展PartⅡ,●信長貴富作品展実行委員会 独唱と重唱で楽しむ　信長貴富作品展PartⅡ2019年7月22日(月)東京文化会館小ホール信長貴富： 『那珂太郎の詩による三つの歌曲』 （世界初演）  他,http://i-amabile.com/concert/nobunaga_concert190722
113,淡座 影も溜らず ー 淡座リサイタルシリーズVol.1 桑原ゆう個展,1,2019-07-19,淡座 影も溜らず ー 淡座リサイタルシリーズVol.1 桑原ゆう個展,●淡座 影も溜らず ー 淡座リサイタルシリーズVol.1 桑原ゆう個展2019年7月19日(金)東京オペラシティ リサイタルホール　水戸博之指揮桑原ゆう： だんだらの陀羅尼 （日本初演）  桑原ゆう： ラットリング・ダークネス （日本初演）  桑原ゆう： 月すべりⅡ （世界初演）  桑原ゆう： 影も溜らず （日本初演）  桑原ゆう： 柄と地、絵と余白、あるいは表と裏 （日本初演）  桑原ゆう： にほふ （世界初演）  他,http://i-amabile.com/concert/awaiza190719
125,日髙 剛 20周年 ホルンリサイタル,1,2019-07-13,日髙 剛 20周年 ホルンリサイタル,●日髙 剛 20周年 ホルンリサイタル2019年7月13日(土)東京文化会館山田栄二/委嘱作曲： A Dranken Man(酔う人) （世界初演）  他,http://i-amabile.com/concert/concert190713_2
109,The Stellar Nights Grand Orchestra デビューコンサート,1,2019-07-12,The Stellar Nights Grand Orchestra デビューコンサート,●The Stellar Nights Grand Orchestra デビューコンサート2019年7月12日(金)渋谷区文化総合センター大和田 さくらホール （東京都）SNGO： Stellar Nights Serenade など、オリジナル曲、オリジナルアレンジ多数 （世界初演）  他,http://i-amabile.com/concert/sngo1
40,八千代フェスティバルバンド ,2,2019-06-30,八千代フェスティバルバンド 第8回ポップスコンサート～音楽でつなぐ聖火リレー,●八千代フェスティバルバンド 第8回ポップスコンサート～音楽でつなぐ聖火リレー2019年6月30日(日)勝田台文化センター　泉　翔士指揮泉　翔士（編曲）： A列車で行こう～ピアノ・ソロ・フィーチャー （世界初演）  他,http://i-amabile.com/concert/yachifes190630
79,リキ・フィルハーモニッシェス・オーケストラ  ,1,2019-06-29,リキ・フィルハーモニッシェス・オーケストラ  第8回定期演奏会,●リキ・フィルハーモニッシェス・オーケストラ  第8回定期演奏会2019年6月29日(土)杉並公会堂 大ホール　長野力哉指揮ダルベール： 歌劇「低地」交響的前奏曲 （日本初演）  他,http://i-amabile.com/concert/riki_phil8
167,音楽集団 おとつくらぼ ,1,2019-06-23,音楽集団 おとつくらぼ 第１回 新作 演奏会,●音楽集団 おとつくらぼ 第１回 新作 演奏会2019年6月23日(日)堀江アルテ西山怜志： 青春の軌跡「吹奏楽部」　Ⅰ．ファースト・プラクティス　Ⅱ．ファースト・セッション　Ⅲ．ファースト・パフォーマンス （世界初演）  谷川尚弘： 鍵盤ハーモニカ、リコーダー、ピアノのためのディヴェルティメント （世界初演）  湯地晃太郎： 萌芽 (The Awakening of Identity) （世界初演）  湯地晃太郎： おばんです舞曲 （世界初演）  得本和音： 木管五重奏の為の「パレット」 （世界初演）  得本和音： 旱天の慈雨 （世界初演）  他,http://i-amabile.com/concert/ototsukulabo1
41,渋谷幕張高校吹奏楽部 ,2,2019-06-23,渋谷幕張高校吹奏楽部 第35回定期演奏会,●渋谷幕張高校吹奏楽部 第35回定期演奏会2019年6月23日(日)本校田村記念講堂　近藤礼隆　他指揮他,http://i-amabile.com/concert/shibumaku_wo35
11,上智大学吹奏楽研究会 ,3,2019-06-22,上智大学吹奏楽研究会 第58回 上南交歓演奏会,●上智大学吹奏楽研究会 第58回 上南交歓演奏会2019年6月22日(土)めぐろパーシモンホール 大ホール　上智大学：斉木眞之介（正指揮者）、田代咲紀（副指揮者）、南山大学：小塚ひとみ（正指揮者）、渡壁歩美（副指揮者）指揮Bert Appermont： Battle of Hearts Symphonic Poem （日本初演）  他,http://i-amabile.com/concert/sophiaconcertband190622
37,横浜バッカスブラスオーケストラ！ ,2,2019-06-09,横浜バッカスブラスオーケストラ！ 第40回定期演奏会,●横浜バッカスブラスオーケストラ！ 第40回定期演奏会2019年6月9日(日)カルッツかわさき　倭文 純指揮フィリップ･スパーク： シンフォニエッタ No.5－Yokohama Festival－ （世界初演）  フィリップ･スパーク： バッカナリア （世界初演）  他,http://i-amabile.com/concert/yokohama_bacchusbrass40
94,幻の楽器 バリトン～エステルハージー・アンサンブル日本公演 ～ in 福岡,1,2019-06-07,幻の楽器 バリトン～エステルハージー・アンサンブル日本公演 ～ in 福岡,●幻の楽器 バリトン～エステルハージー・アンサンブル日本公演 ～ in 福岡2019年6月7日(金)西南学院大学コミュニティセンターホールルイージ・トマジーニ： バリトン三重奏 （日本初演）  他,http://i-amabile.com/concert/concert190607
154,幻の楽器 バリトン～エステルハージー・アンサンブル日本公演 ～ in 水戸,1,2019-06-02,幻の楽器 バリトン～エステルハージー・アンサンブル日本公演 ～ in 水戸,●幻の楽器 バリトン～エステルハージー・アンサンブル日本公演 ～ in 水戸2019年6月2日(日)水戸奏楽堂ルイージ・トマジーニ： バリトン三重奏 （日本初演）  他,http://i-amabile.com/concert/concert190602
289,幻の楽器 バリトン～エステルハージー・アンサンブル日本公演,1,2019-06-01,幻の楽器 バリトン～エステルハージー・アンサンブル日本公演,●幻の楽器 バリトン～エステルハージー・アンサンブル日本公演2019年6月1日(土)鎌倉 佐助サロン（神奈川県鎌倉市佐助１－２－４７）ルイージ・トマジーニ： バリトン三重奏 （日本初演）  他,http://i-amabile.com/concert/concert190601_2
232,アンサンブル・オーケストラ・ノット オーケストラ・ノット特別演奏会,1,2019-05-26,アンサンブル・オーケストラ・ノット オーケストラ・ノット特別演奏会,●アンサンブル・オーケストラ・ノット オーケストラ・ノット特別演奏会2019年5月26日(日)スターツおおたかの森ホール　山上紘生指揮ベールマン： アダージョ（クラリネットと弦楽オーケストラのための （日本初演）  ディーテ： バスクラリネットのためのロマンス（管楽伴奏版） （日本初演）  他,http://i-amabile.com/concert/ensemble_knot190526
35,アンサンブル・フリー ,2,2019-05-26,アンサンブル・フリー 第２９回演奏会,●アンサンブル・フリー 第２９回演奏会2019年5月26日(日)尼崎市総合文化センターあましんアルカイックホール　浅野亮介指揮薮田翔一： 歌曲集『小倉百人一首』より「悲歌集」 （世界初演）  他,http://i-amabile.com/concert/ensemblefree29
87,アンサンブル エヴォリュエ ,1,2019-05-19,アンサンブル エヴォリュエ 第15回演奏会「地球」,●アンサンブル エヴォリュエ 第15回演奏会「地球」2019年5月19日(日)いずみホール　飯沼京子指揮信長貴富： 進め、進め     ほか （世界初演）  他,http://i-amabile.com/concert/ensemble_evoluer15
78,Trio Horamiro トリオ・ホレミーロ Trio Horamiro Hall Concert Vol.One,1,2019-05-17,Trio Horamiro トリオ・ホレミーロ Trio Horamiro Hall Concert Vol.One,●Trio Horamiro トリオ・ホレミーロ Trio Horamiro Hall Concert Vol.One2019年5月17日(金)渋谷区文化総合センター大和田 伝承ホールバーンスタイン(編曲 石川潤)： 組曲「ウエスト・サイド物語」より （世界初演）  他,http://i-amabile.com/concert/horamiro_trio1190517
202,水谷川優子チェロリサイタルvol.12,1,2019-05-10,水谷川優子チェロリサイタルvol.12,●水谷川優子チェロリサイタルvol.122019年5月10日(金)紀尾井ホールラルフ・ゴトーニ： 「十牛図」より2つの瞑想曲 （世界初演）  他,http://i-amabile.com/concert/yuko_miyagawa190510
121,Bari-Tuba Ensemble Legend Of Dragon 3rd Concert,1,2019-05-05,Bari-Tuba Ensemble Legend Of Dragon 3rd Concert,●Bari-Tuba Ensemble Legend Of Dragon 3rd Concert2019年5月5日(日)ティアラこうとう小ホールG.ホルスト： 組曲「惑星」より「火星」「木星」 （世界初演）  他,http://i-amabile.com/concert/baritubaensemblelod3
254,PRIEM WIND ENSEMBLE ,1,2019-05-03,PRIEM WIND ENSEMBLE 第８回演奏会,●PRIEM WIND ENSEMBLE 第８回演奏会2019年5月3日(金)三鷹市芸術文化センター 風のホール　隠岐 徹指揮丹生 ナオミ： 朱雀抄 離宮  (PRIEM WIND ENSEMBLE委嘱作品) （世界初演）  他,http://i-amabile.com/concert/priem_we8
190,風刺とユーモアのスペイン楽団「墓の魚　PEZ DE TUMBA」 スペインの魔女の音楽,1,2019-04-28,風刺とユーモアのスペイン楽団「墓の魚　PEZ DE TUMBA」 スペインの魔女の音楽,●風刺とユーモアのスペイン楽団「墓の魚　PEZ DE TUMBA」 スペインの魔女の音楽2019年4月28日(日)松本記念音楽迎賓館　黒実音子指揮黒実音子： 糞尿の詩 （世界初演）  他,http://i-amabile.com/concert/tumba190428
85,新宿区吹奏楽団 ,1,2019-04-21,新宿区吹奏楽団 第30回定期演奏会,●新宿区吹奏楽団 第30回定期演奏会2019年4月21日(日)新宿区立新宿文化センター・大ホール　石津　成人指揮広瀬 勇人： 夜警 ～光と影（第30回定期演奏会記念 委嘱作品） （世界初演）  他,http://i-amabile.com/concert/shinjuku_wo30
304,en-DO,1,2019-03-29,en-DO第1回新作展,●en-DO第1回新作展2019年3月29日(金)大倉山記念館尾形敏幸： 2つのキャバレーソング （日本初演）  尾崎友樹： 人形のまどろみ （日本初演）  後藤宏和： 迷霧 （日本初演）  迫歩実： 月下 （日本初演）  湖口浩朗： めぎちゃん （日本初演）  他,http://i-amabile.com/concert/endo1
8,アンサンブル・フリーEAST ,4,2019-03-17,アンサンブル・フリーEAST 第11回演奏会,●アンサンブル・フリーEAST 第11回演奏会2019年3月17日(日)ティアラこうとう　浅野亮介指揮逢坂裕： 交響曲 （世界初演）  他,http://i-amabile.com/concert/ensemblefree_east11
244,Ensemble Tacet Concert 2019,1,2019-03-16,Ensemble Tacet Concert 2019,●Ensemble Tacet Concert 20192019年3月16日(土)府中の森芸術劇場　ウィーンホール長野雄行： 新作 （世界初演）  他,http://i-amabile.com/concert/ens_tacet190316
56,Les gens de la Liberté Agnus dei 〜追憶〜,1,2019-03-11,Les gens de la Liberté Agnus dei 〜追憶〜,●Les gens de la Liberté Agnus dei 〜追憶〜2019年3月11日(月)浦安音楽ホール コンサートホール　石﨑匠馬、麻生海督指揮麻生海督： “Agnus dei” （世界初演）  他,http://i-amabile.com/concert/lgdlliberte190311
95,まちかね山吹奏楽団 ,1,2019-03-10,まちかね山吹奏楽団 第17回定期演奏会,●まちかね山吹奏楽団 第17回定期演奏会2019年3月10日(日)豊中市立文化芸術センター大ホール　小野川昭博　他指揮アレクサンダー・コミタス： カンサイ ラプソディ （世界初演）  他,http://i-amabile.com/concert/machikane17
301,甲東ヌーヴェルヴァーグ・ウインドオーケストラ ,1,2019-03-10,甲東ヌーヴェルヴァーグ・ウインドオーケストラ 第10回記念定期演奏会,●甲東ヌーヴェルヴァーグ・ウインドオーケストラ 第10回記念定期演奏会2019年3月10日(日)兵庫県立芸術文化センター　KOBELCO大ホール　永田隆博、新居優指揮福島弘和： 委嘱作品 （世界初演）  他,http://i-amabile.com/concert/koto_nouvellevague10
201,ＴＢＳラジオ事業部 つながる心 つながる力 みんなでつくる復興コンサート2019,1,2019-03-09,ＴＢＳラジオ事業部 つながる心 つながる力 みんなでつくる復興コンサート2019,●ＴＢＳラジオ事業部 つながる心 つながる力 みんなでつくる復興コンサート20192019年3月9日(土)多賀城市民会館　大ホール　大井剛史指揮他,http://i-amabile.com/concert/tbsradio190309
159,風祭真由・榎政則 デュオリサイタル,1,2019-03-02,風祭真由・榎政則 デュオリサイタル,●風祭真由・榎政則 デュオリサイタル2019年3月2日(土)STUDIO VIRTUOSI榎政則： impro visation （世界初演）  他,http://i-amabile.com/concert/kazamatsuri_enoki190302
40,八千代フェスティバルバンド ,2,2019-02-24,八千代フェスティバルバンド 第10回スペシャルコンサート,●八千代フェスティバルバンド 第10回スペシャルコンサート2019年2月24日(日)八千代市市民会館大ホール　泉　翔士、武井大輔指揮石原勇太郎： 祝典への前奏曲-八千の響き、悠久の代 （世界初演）  他,http://i-amabile.com/concert/yachifes190224
64,東邦音楽大学ホルンアンサンブル  ,1,2019-02-16,東邦音楽大学ホルンアンサンブル  第20回定期演奏会,●東邦音楽大学ホルンアンサンブル  第20回定期演奏会2019年2月16日(土)日暮里サニーホール　澤 敦指揮他,http://i-amabile.com/concert/magical_escargot20
151,2019 青春の音楽祭♪,1,2019-02-03,2019 青春の音楽祭♪,●2019 青春の音楽祭♪2019年2月3日(日)なるお文化ホール(西宮東高校ホール)　安田勝亮指揮他,http://i-amabile.com/concert/seisyunnoongakusai190203
144,ナリキヨトリオ×新日本BGMフィルハーモニー管弦楽団 ナリキヨトリオ×新日本BGMフィル ゲーム音楽の競演,1,2019-01-27,ナリキヨトリオ×新日本BGMフィルハーモニー管弦楽団 ナリキヨトリオ×新日本BGMフィル ゲーム音楽の競演,●ナリキヨトリオ×新日本BGMフィルハーモニー管弦楽団 ナリキヨトリオ×新日本BGMフィル ゲーム音楽の競演2019年1月27日(日)日暮里サニーホールコンサートサロン他,http://i-amabile.com/concert/narikiyo_bgm190127
206,時の終わりの為の四重奏,1,2019-01-05,時の終わりの為の四重奏,●時の終わりの為の四重奏2019年1月5日(土)鶴見区民文化センターサルビアホール3F音楽ホール坂口慧： 夕暮れ色のバラード （日本初演）  他,http://i-amabile.com/concert/concert190105
119,東京大學サクソフォン同好会 10周年記念演奏会,1,2019-01-05,東京大學サクソフォン同好会 10周年記念演奏会,●東京大學サクソフォン同好会 10周年記念演奏会2019年1月5日(土)渋谷区文化総合センター大和田　伝承ホール長生淳： 記念委嘱作品 （世界初演）  江原大介： 記念委嘱作品 （世界初演）  他,http://i-amabile.com/concert/utsaxmate190105
274,Decembre Concert 〜ヴァイオリン・サックス・ピアノのトリオ〜,1,2018-12-28,Decembre Concert 〜ヴァイオリン・サックス・ピアノのトリオ〜,●Decembre Concert 〜ヴァイオリン・サックス・ピアノのトリオ〜2018年12月28日(金)名曲喫茶カデンツァシェーンフィールド： トリオより(サックス版) （日本初演）  他,http://i-amabile.com/concert/concert181228
241,會田瑞樹 ヴィブラフォンリサイタル 〜旅するヴィブラフォン〜,1,2018-12-25,會田瑞樹 ヴィブラフォンリサイタル 〜旅するヴィブラフォン〜,●會田瑞樹 ヴィブラフォンリサイタル 〜旅するヴィブラフォン〜2018年12月25日(火)杉並公会堂小ホール　須田陽指揮権代敦彦： ヴィブラフォンと弦楽オーケストラのための  　　　《Sæwol 〜海から〜》（會田瑞樹委嘱作品/2018）　　　 （日本初演）  他,http://i-amabile.com/concert/mizukiaita181225
75,西東京フィルハーモニーオーケストラ ,1,2018-12-24,西東京フィルハーモニーオーケストラ 第26回定期演奏会,●西東京フィルハーモニーオーケストラ 第26回定期演奏会2018年12月24日(月)保谷こもれびホール メインホール　和田 一樹指揮リムスキー＝コルサコフ： 「クリスマス・イヴ」組曲 （日本初演）  他,http://i-amabile.com/concert/nishitokyo_po26
135,管楽合奏は楽しい会? ,1,2018-12-23,管楽合奏は楽しい会? 第51回定期演奏会,●管楽合奏は楽しい会? 第51回定期演奏会2018年12月23日(日)北とぴあ　ドームホール　岡添隆、森川　一指揮ウェーバー： 6つのワルツ （日本初演）  他,http://i-amabile.com/concert/windensemble_tanoshii51
308,Brass Ensemble Saturday （ブラス・アンサンブル・サタデー） ,1,2018-12-15,Brass Ensemble Saturday （ブラス・アンサンブル・サタデー） 第11回定期演奏会 ～古（いにしえ）のしらべ 新たなひびき～,●Brass Ensemble Saturday （ブラス・アンサンブル・サタデー） 第11回定期演奏会 ～古（いにしえ）のしらべ 新たなひびき～2018年12月15日(土)京都市立京都堀川音楽高等学校音楽ホール（京都市地下鉄東西線「二条城前駅」下車 2番出口より徒歩すぐ）新川奈津子： 委嘱新作（初演） （世界初演）  他,http://i-amabile.com/concert/be_saturday11
157,コンサート　横浜 Suono dall'Italia e dal Giappone,1,2018-12-14,コンサート　横浜 Suono dall'Italia e dal Giappone,"●コンサート　横浜 Suono dall'Italia e dal Giappone2018年12月14日(金)サロンテッセラ大原 裕子： New work for accordion, bass clarinet and cello (2018) （世界初演）  他",http://i-amabile.com/concert/concert_yokohama181214
258,洗足学園音楽大学グリーン・タイウインド・アンサンブル グリーン・タイ10周年記念,1,2018-12-11,洗足学園音楽大学グリーン・タイウインド・アンサンブル グリーン・タイ10周年記念,●洗足学園音楽大学グリーン・タイウインド・アンサンブル グリーン・タイ10周年記念2018年12月11日(火)洗足学園音楽大学/前田ホール　ダグラス・ボストック指揮V.ネリベル： S-S-S(砂粒・静けさ・寂しさ) （日本初演）  他,http://i-amabile.com/concert/senzoku_gwe181211
219,伊左治直個展実行委員会 ,1,2018-12-02,伊左治直個展実行委員会 第三回 伊左治直 個展,●伊左治直個展実行委員会 第三回 伊左治直 個展2018年12月2日(日)求道会館伊左治直： 弦楽四重奏曲『縄』 （世界初演）  他,http://i-amabile.com/concert/isajisunao181202
97,東京ユヴェントス・フィルハーモニー 特別演奏会～ルネ・シュタールを迎えて～,1,2018-11-17,東京ユヴェントス・フィルハーモニー 特別演奏会～ルネ・シュタールを迎えて～,●東京ユヴェントス・フィルハーモニー 特別演奏会～ルネ・シュタールを迎えて～2018年11月17日(土)小金井宮地楽器ホール　大ホール　ルネ・シュタール指揮シュタール： Movimientos para Don Jose Haydn Op.8 （日本初演）  他,http://i-amabile.com/concert/keio_youth181117
234,天使の光輪,1,2018-10-31,天使の光輪,●天使の光輪2018年10月31日(水)日本福音ルーテル東京教会幸也（自作自演）： 天使の世界 （世界初演）  他,http://i-amabile.com/concert/concert181031
222,目白フィルハーモニー管弦楽団 ,1,2018-10-21,目白フィルハーモニー管弦楽団 第1回演奏会,●目白フィルハーモニー管弦楽団 第1回演奏会2018年10月21日(日)調布グリーンホール　大ホール　小林雄太指揮上野友裕： 新作（題名未定） （世界初演）  他,http://i-amabile.com/concert/mejiro_po1
116,広島市西区民文化センター マリンバ パラダイス スペシャルコンサート～世界の名曲巡りⅢ～,1,2018-10-21,広島市西区民文化センター マリンバ パラダイス スペシャルコンサート～世界の名曲巡りⅢ～,●広島市西区民文化センター マリンバ パラダイス スペシャルコンサート～世界の名曲巡りⅢ～2018年10月21日(日)広島市西区民文化センターホール他,http://i-amabile.com/concert/hiroshima_nishi_cs181021
299,田中ギター教室 田中光俊ギターリサイタル2018札幌,1,2018-10-20,田中ギター教室 田中光俊ギターリサイタル2018札幌,●田中ギター教室 田中光俊ギターリサイタル2018札幌2018年10月20日(土)渡辺淳一文学館二橋潤一： ソナチィナ （世界初演）  他,http://i-amabile.com/concert/tanaka_guitar181020
163,Another World Fantasia ,1,2018-10-20,Another World Fantasia 第2回演奏会　イカライブ,●Another World Fantasia 第2回演奏会　イカライブ2018年10月20日(土)大東市立文化ホール(サーティーホール)　マヤウル、nessh1、かにたろー指揮他,http://i-amabile.com/concert/anotherworldfantasia2
269,練馬パンカーニバル実行委員会 かぐわし森の音楽会　〜絵本「パン屋のイーストン」を楽しむコンサート〜,1,2018-10-13,練馬パンカーニバル実行委員会 かぐわし森の音楽会　〜絵本「パン屋のイーストン」を楽しむコンサート〜,●練馬パンカーニバル実行委員会 かぐわし森の音楽会　〜絵本「パン屋のイーストン」を楽しむコンサート〜2018年10月13日(土)ギャラリー古藤　歳森今日子： かぐわし森のうた （世界初演）  他,http://i-amabile.com/concert/nerimapan181013
306,書道と音楽のコラボレーションライブ,1,2018-10-08,書道と音楽のコラボレーションライブ,●書道と音楽のコラボレーションライブ2018年10月8日(月)わざ永々棟三柳香織： Mother of （日本初演）  井須聖子： しまなみ （日本初演）  井須聖子： 雪どけ （日本初演）  他,http://i-amabile.com/concert/concert181008_2
17,アモルファス合奏団 ,3,2018-10-07,アモルファス合奏団 第37回定期演奏会,●アモルファス合奏団 第37回定期演奏会2018年10月7日(日)東京オペラシティ　リサイタルホール　横山俊充指揮ブラガ・サントス： 弦楽のための協奏曲　作品17 （日本初演）  他,http://i-amabile.com/concert/amorphous37
184,主催 Rie T Academy株式会社 田中理恵ピアノリサイタルvol.2,1,2018-10-07,主催 Rie T Academy株式会社 田中理恵ピアノリサイタルvol.2,●主催 Rie T Academy株式会社 田中理恵ピアノリサイタルvol.22018年10月7日(日)イイノホール田中理恵： 自作曲 （世界初演）  他,http://i-amabile.com/concert/rie_t181007
84,田中ギター教室 田中光俊ギターリサイタル2018　帯広,1,2018-10-07,田中ギター教室 田中光俊ギターリサイタル2018　帯広,●田中ギター教室 田中光俊ギターリサイタル2018　帯広2018年10月7日(日)とかちプラザレインボーホール二橋潤一： ソナチィナ （世界初演）  他,http://i-amabile.com/concert/tanaka_guitar181007
211,ソレイユ ウィンド オーケストラ ,1,2018-09-30,ソレイユ ウィンド オーケストラ 第13回定期演奏会,●ソレイユ ウィンド オーケストラ 第13回定期演奏会2018年9月30日(日)カルッツかわさき  (川崎市スポーツ・文化総合センター) 大ホール　竹内 俊明指揮石渡 裕貴： マリンバと吹奏楽のためのfour scenes　 （世界初演）  他,http://i-amabile.com/concert/soleilwo13
172,交野シティ・フィルハーモニック ,1,2018-09-23,交野シティ・フィルハーモニック 第２０回定期演奏会,●交野シティ・フィルハーモニック 第２０回定期演奏会2018年9月23日(日)寝屋川市立市民会館大ホール　木村俊明指揮三村晶子： 祝典序曲～Crescento moon～ （世界初演）  他,http://i-amabile.com/concert/katano_cp20
123,ジャパン・シンフォニー・ブラス（英国式ブラスバンド） 三周年記念演奏会　～救世軍によってブラスは始まった～　［ボンドレス・キングダム］,1,2018-09-23,ジャパン・シンフォニー・ブラス（英国式ブラスバンド） 三周年記念演奏会　～救世軍によってブラスは始まった～　［ボンドレス・キングダム］,●ジャパン・シンフォニー・ブラス（英国式ブラスバンド） 三周年記念演奏会　～救世軍によってブラスは始まった～　［ボンドレス・キングダム］2018年9月23日(日)豊中市立ローズ文化ホール　杉浦青也指揮Steven Ponsfor： Boundless Kingdom （日本初演）  他,http://i-amabile.com/concert/jp_symphonybrass180923
5,絶頂 ,4,2018-09-22,絶頂 第一回 絶頂,●絶頂 第一回 絶頂2018年9月22日(土)エル・パーク仙台 ギャラリーホール大久保雅基： 新作初演 （世界初演）  他,http://i-amabile.com/concert/zetcho180922_2
5,絶頂 ,4,2018-09-22,絶頂 第一回 絶頂,●絶頂 第一回 絶頂2018年9月22日(土)エル・パーク仙台 ギャラリーホール大久保雅基： 新作初演 （世界初演）  他,http://i-amabile.com/concert/zetcho180922_1
7,フィルハーモニア・エテルナ ,4,2018-09-17,フィルハーモニア・エテルナ 第2​4​回定期演奏会,●フィルハーモニア・エテルナ 第2​4​回定期演奏会2018年9月17日(月)すみだトリフォニーホール　大ホール　十束尚宏指揮M.ロージャ： ヴァイオリン協奏曲​ ​作品24 （日本初演）  他,http://i-amabile.com/concert/phil-aeterna24
149,オーケストラ・プロジェクト オーケストラ・プロジェクト2018　新たな耳で世界を拓く,1,2018-09-05,オーケストラ・プロジェクト オーケストラ・プロジェクト2018　新たな耳で世界を拓く,●オーケストラ・プロジェクト オーケストラ・プロジェクト2018　新たな耳で世界を拓く2018年9月5日(水)東京オペラシティコンサートホール　大井剛史指揮阿部亮太郎： 漆黒の網目 （世界初演）  小山和彦： ピアノ協奏曲第3番 （世界初演）  山内雅弘： SPANDA〜ヴィブラフォンとオーケストラのための （世界初演）  森垣桂一： 交響曲(2018) （世界初演）  他,http://i-amabile.com/concert/orch_proj2018
256,オーケストラアンサンブル・フリーEAST　,1,2018-09-02,オーケストラアンサンブル・フリーEAST　第10回演奏会,●オーケストラアンサンブル・フリーEAST　第10回演奏会2018年9月2日(日)杉並公会堂 大ホール　浅野 亮介指揮木下 正道： [問いと炎] Ⅲ 〜夜が広がるときに〜 [委嘱作品/世界初演] （世界初演）  他,http://i-amabile.com/concert/ensemblefree_east10
176,ミクロコスモス  グノー生誕200年コンサート,1,2018-09-01,ミクロコスモス  グノー生誕200年コンサート,●ミクロコスモス  グノー生誕200年コンサート2018年9月1日(土)練馬文化センター 大ホール　久保田 洋指揮グノー： オペラ「サバの女王」 （日本初演）  他,http://i-amabile.com/concert/microcosmos180901
198,日本電子音楽協会 *.JSEM,1,2018-08-11,日本電子音楽協会 *.JSEM,●日本電子音楽協会 *.JSEM2018年8月11日(土)エル・パーク仙台　スタジオホール水沼慎一郎： 新作初演 （世界初演）  高野大夢： 新作初演 （世界初演）  林恭平： 新作初演 （世界初演）  桃井聖司： 新作初演 （世界初演）  門脇治： 新作初演 （世界初演）  大久保雅基： 新作初演 （世界初演）  他,http://i-amabile.com/concert/jsem180811
43,幕張総合高等学校シンフォニックオーケストラ部 ,2,2018-07-15,幕張総合高等学校シンフォニックオーケストラ部 第23回定期演奏会,●幕張総合高等学校シンフォニックオーケストラ部 第23回定期演奏会2018年7月15日(日)千葉県文化会館　大ホール　伊藤巧真、葛西聡、布施恵子、西朱莉指揮長生淳： 委嘱新作 （世界初演）  他,http://i-amabile.com/concert/msh_orchestra23_2
43,幕張総合高等学校シンフォニックオーケストラ部 ,2,2018-07-14,幕張総合高等学校シンフォニックオーケストラ部 第23回定期演奏会,●幕張総合高等学校シンフォニックオーケストラ部 第23回定期演奏会2018年7月14日(土)千葉県文化会館　大ホール　伊藤巧真、葛西聡、布施恵子、西朱莉指揮長生淳： 委嘱新作 （世界初演）  他,http://i-amabile.com/concert/msh_orchestra23_1
276,オオサカンアカデミー・ウインドバンド ,1,2018-07-01,オオサカンアカデミー・ウインドバンド 第14回ファミリーコンサート,●オオサカンアカデミー・ウインドバンド 第14回ファミリーコンサート2018年7月1日(日)豊中市立ローズ文化ホール　川口智也(常任指揮)指揮川口智也： 銀鱗の舟唄 （世界初演）  他,http://i-amabile.com/concert/osakan_academy14family
242,墓の魚 ムール貝の徴税　 スクルサリスモ(中央主義)とペスカデーロ(魚屋)   ～スペイン信仰と道化芝居の世界～,1,2018-06-24,墓の魚 ムール貝の徴税　 スクルサリスモ(中央主義)とペスカデーロ(魚屋)   ～スペイン信仰と道化芝居の世界～,●墓の魚 ムール貝の徴税　 スクルサリスモ(中央主義)とペスカデーロ(魚屋)   ～スペイン信仰と道化芝居の世界～2018年6月24日(日)同仁キリスト教会　黒実　音子指揮黒実　音子： ムール貝の密葬 （世界初演）  黒実　音子： タラの賛歌 （世界初演）  黒実　音子： 冷たい血が心臓の周囲で反抗していた （世界初演）  他,http://i-amabile.com/concert/tumba180624
128,オーケストラ・ノット ,1,2018-06-17,オーケストラ・ノット 第1回記念演奏会,●オーケストラ・ノット 第1回記念演奏会2018年6月17日(日)杉並公会堂大ホール　山上紘生指揮ウジェーヌ・ボザ： クラリネット協奏曲 （日本初演）  リヒャルト・シュトラウス： 二重小協奏曲（クラリネット・バセットホルンのための）編曲：高橋勝利 （世界初演）  他,http://i-amabile.com/concert/ensembleorchestraknot1
293,Immortal Brass Eternally IBE Concert 2018 ～Graham vs. Sparke～,1,2018-06-16,Immortal Brass Eternally IBE Concert 2018 ～Graham vs. Sparke～,●Immortal Brass Eternally IBE Concert 2018 ～Graham vs. Sparke～2018年6月16日(土)阿倍野区民センター　大ホール　河野一之指揮Peter Graham： A Portrait of Paris （日本初演）  他,http://i-amabile.com/concert/immortalbrasseternally180616
173,ソニー吹奏楽団 創立60周年記念 ,1,2018-06-09,ソニー吹奏楽団 創立60周年記念 第54回定期演奏会,●ソニー吹奏楽団 創立60周年記念 第54回定期演奏会2018年6月9日(土)めぐろパーシモンホール　大ホール　秋山 紀夫、川本 統脩指揮P. スパーク： ステップ・バイ・ステップ （世界初演）  他,http://i-amabile.com/concert/sonyband54
170,サロン・ドゥ・螺 中之島古樂合奏團,1,2018-06-08,サロン・ドゥ・螺 中之島古樂合奏團第一囘演奏會,●サロン・ドゥ・螺 中之島古樂合奏團第一囘演奏會2018年6月8日(金)大阪市中央公会堂小集会室鈴木貴博： 未定(新作「空想古楽」) （世界初演）  小川類： 未定(新作「空想古楽」) （世界初演）  他,http://i-amabile.com/concert/ra_spiral180608
204,プレストマンドリンオーケストラ ,1,2018-06-02,プレストマンドリンオーケストラ 第25回演奏会,●プレストマンドリンオーケストラ 第25回演奏会2018年6月2日(土)江東区文化センター　ホール　長澤鉄平、村松健太郎指揮陣内佳奈子： 春の雨 （世界初演）  長澤鉄平： 蒼き風の輪舞曲 （世界初演）  他,http://i-amabile.com/concert/presto_mo25
191,Glanz弦楽合奏団 ,1,2018-05-27,Glanz弦楽合奏団 第5回定期演奏会,●Glanz弦楽合奏団 第5回定期演奏会2018年5月27日(日)神奈川公会堂　阪本正彦指揮ベートーヴェン： 交響曲第7番イ長調Op.92(弦楽合奏版・阪本正彦編) （世界初演）  他,http://i-amabile.com/concert/glanz5
37,横浜バッカスブラスオーケストラ！ ,2,2018-05-27,横浜バッカスブラスオーケストラ！ 第38会定期演奏会,●横浜バッカスブラスオーケストラ！ 第38会定期演奏会2018年5月27日(日)鎌倉芸術館 大ホール　倭文 純指揮J.P.スーザ： ヴォランティアーズ （日本初演）  他,http://i-amabile.com/concert/yokohama_bacchusbrass38
192,ピストンクラブ ,1,2018-05-26,ピストンクラブ 第２２回定期演奏会,●ピストンクラブ 第２２回定期演奏会2018年5月26日(土)川口総合文化センター リリア 音楽ホールピストンクラブ編： 「祭」の曲メドレー （世界初演）  他,http://i-amabile.com/concert/pistonclub22
33,Orchestra Ensemble Free ,2,2018-05-19,Orchestra Ensemble Free 第27回演奏会,●Orchestra Ensemble Free 第27回演奏会2018年5月19日(土)神戸文化ホール 大ホール　浅野 亮介指揮シューマン（阿部 俊祐編）： ピアノ五重奏曲 変ホ長調作品44 [管弦楽版初演] （世界初演）  他,http://i-amabile.com/concert/ensemblefree27
188,ドルチェ室内オーケストラ ,1,2018-05-05,ドルチェ室内オーケストラ 第11回定期演奏会,●ドルチェ室内オーケストラ 第11回定期演奏会2018年5月5日(土)サンシティ越谷市民ホール 小ホール　冨田 邦明、沓掛 純次郎指揮沓掛 純次郎： ドルチェ室内オーケストラのための三つの断章 （世界初演）  他,http://i-amabile.com/concert/dolce_co11
165,バリチューバアンサンブル “Legend Of Dragon” 2nd Concert,1,2018-05-05,バリチューバアンサンブル “Legend Of Dragon” 2nd Concert,●バリチューバアンサンブル “Legend Of Dragon” 2nd Concert2018年5月5日(土)ひの煉瓦ホールM.ムソルグスキー： 組曲「展覧会の絵」より（バリチューバ10重奏版） （世界初演）  他,http://i-amabile.com/concert/baritubaensemblelod2
240,マーキュリーバンド ,1,2018-05-04,マーキュリーバンド 第23回 MERCURY BAND 定期演奏会,●マーキュリーバンド 第23回 MERCURY BAND 定期演奏会2018年5月4日(金)宇都宮市文化会館　大ホール　鈴木　章郎、五十嵐　貴宏指揮他,http://i-amabile.com/concert/mercuryband23
267,神奈川県立弥栄高等学校吹奏楽部 ,1,2018-04-30,神奈川県立弥栄高等学校吹奏楽部 第10回記念定期演奏会,●神奈川県立弥栄高等学校吹奏楽部 第10回記念定期演奏会2018年4月30日(月)相模女子大学グリーンホール　大ホール　柏木葉二指揮柏木葉二： 委嘱曲 （世界初演）  他,http://i-amabile.com/concert/yaeibrass10
18,アリエッタ交響楽団 ,2,2018-04-22,アリエッタ交響楽団 第１０回演奏会ｰいよいよ，第九。-,●アリエッタ交響楽団 第１０回演奏会ｰいよいよ，第九。-2018年4月22日(日)和光市民文化センター　サンアゼリア　大ホール　大市　泰範指揮小林樹： Symphonic Piece （世界初演）  他,http://i-amabile.com/concert/arietta10
297,野猿フィルハーモニー管弦楽団 ,1,2018-03-25,野猿フィルハーモニー管弦楽団 第5回演奏会,●野猿フィルハーモニー管弦楽団 第5回演奏会2018年3月25日(日)八王子市芸術文化会館（いちょうホール）大ホール　藤原真指揮久石譲（編曲・岩田匡史）： 交響詩「風の谷のナウシカ」 （世界初演）  他,http://i-amabile.com/concert/yaen-phil5
46,サロン・ドゥ・螺 北夙川不可止プロデュース古楽シリーズvol.34(昼の部),1,2018-03-21,サロン・ドゥ・螺 北夙川不可止プロデュース古楽シリーズvol.34(昼の部),●サロン・ドゥ・螺 北夙川不可止プロデュース古楽シリーズvol.34(昼の部)2018年3月21日(水)サロン・ドゥ・螺バッハ： 無伴奏チェロ組曲第一番(早川版) （世界初演）  バッハ： 無伴奏チェロ組曲第四番(早川版) （世界初演）  バッハ： 無伴奏チェロ組曲第五番(早川版) （世界初演）  他,http://i-amabile.com/concert/ra_spiral180321_1
86,サロン・ドゥ・螺 北夙川不可止プロデュース古楽シリーズvol.34(夜の部),1,2018-03-21,サロン・ドゥ・螺 北夙川不可止プロデュース古楽シリーズvol.34(夜の部),●サロン・ドゥ・螺 北夙川不可止プロデュース古楽シリーズvol.34(夜の部)2018年3月21日(水)サロン・ドゥ・螺バッハ： 無伴奏チェロ組曲第一番(早川版) （世界初演）  バッハ： 無伴奏チェロ組曲第四番(早川版) （世界初演）  バッハ： 無伴奏チェロ組曲第五番(早川版) （世界初演）  他,http://i-amabile.com/concert/ra_spiral180321_2
38,作曲の会「Shining」 ,2,2018-03-20,作曲の会「Shining」 第10回作品展 吹奏楽公演,●作曲の会「Shining」 第10回作品展 吹奏楽公演2018年3月20日(火)国立オリンピック記念青少年総合センター 小ホール　竹内健人指揮石川健人： Frozen Planet （世界初演）  岩井晴輝： Departure 〜出航〜 （世界初演）  上野友裕： 渡り鳥 （世界初演）  尾方凜斗： パリンプセスト、あるいは重ね書きされた吹奏楽のための （世界初演）  葛西竜之介： Filmscape （世界初演）  仮屋賢一： ブルグミュラーの主題による綺想曲 （世界初演）  近藤礼隆： 吹奏楽のための狂詩曲 ～九頭龍大神の伝説による （世界初演）  他,http://i-amabile.com/concert/shining_yca10
8,アンサンブル・フリーEAST ,4,2018-03-10,アンサンブル・フリーEAST 第9回演奏会,●アンサンブル・フリーEAST 第9回演奏会2018年3月10日(土)杉並公会堂大ホール　浅野亮介指揮薮田翔一： 《Gush》　～Concerto for Vibraphone and Orchestra～　I.(関東初演)　II.(世界初演) （世界初演）  他,http://i-amabile.com/concert/ensemblefree_east9
68,SAY NO YES YES 吹奏楽チーム 20+1周年記念演奏会,1,2018-03-04,SAY NO YES YES 吹奏楽チーム 20+1周年記念演奏会,●SAY NO YES YES 吹奏楽チーム 20+1周年記念演奏会2018年3月4日(日)かつしかシンフォニーヒルズモーツァルトホール　大橋晃一 (東京芸術大学非常勤講師)、野田祐介 (群馬交響楽団第一クラリネット奏者)指揮ジェイムズ・バーンズ： アルヴァマー序曲（オーケストラアレンジ大橋晃一） （世界初演）  他,http://i-amabile.com/concert/saynoyesyes_brass180304
252,平成26年度入学 東京学芸大学 B類音楽専攻生 卒業コンサート ボナペティ 〜最後のおもてなし〜,1,2018-03-03,平成26年度入学 東京学芸大学 B類音楽専攻生 卒業コンサート ボナペティ 〜最後のおもてなし〜,●平成26年度入学 東京学芸大学 B類音楽専攻生 卒業コンサート ボナペティ 〜最後のおもてなし〜2018年3月3日(土)小金井 宮地楽器ホール 大ホール他,http://i-amabile.com/concert/concert180303
29,Trio Ellipses トリオエリップス　コンサート,2,2018-02-25,Trio Ellipses トリオエリップス　コンサート,●Trio Ellipses トリオエリップス　コンサート2018年2月25日(日)青山音楽記念館　Barocksaal バロックザールマチュー・ステファネッリ： ヴァイオリンチェロピアノのための3重奏 （日本初演）  他,http://i-amabile.com/concert/trio_ellipses180225
177,Trio Ellipses Trio Ellipses トリオエリップス　コンサート,1,2018-02-24,Trio Ellipses Trio Ellipses トリオエリップス　コンサート,●Trio Ellipses Trio Ellipses トリオエリップス　コンサート2018年2月24日(土)5/R Hall&Gallery音楽ホールマチュウ・ステファネッリ： ヴァイオリンチェロピアノのための3重奏 （日本初演）  他,http://i-amabile.com/concert/trio_ellipses180224
29,Trio Ellipses トリオエリップス　コンサート,2,2018-02-23,Trio Ellipses トリオエリップス　コンサート,●Trio Ellipses トリオエリップス　コンサート2018年2月23日(金)Hakujyu Hallマチュウ・ステファネッリ： ヴァイオリンチェロピアノのための3重奏 （日本初演）  他,http://i-amabile.com/concert/trio_ellipses180223
238,Percussion Duo B&B 浜松公演,1,2018-02-17,Percussion Duo B&B 浜松公演,●Percussion Duo B&B 浜松公演2018年2月17日(土)アクトシティ浜松 音楽工房ホール野々村俊輔： 三つの幻奏詩  他 （世界初演）  他,http://i-amabile.com/concert/b_and_b180217
246,大人になっていくときに見る夢,1,2018-01-31,大人になっていくときに見る夢,●大人になっていくときに見る夢2018年1月31日(水)東京オペラシティ・リサイタルホール　宗像　礼指揮ジェームス・クラーク： 2016-E （日本初演）  レベッカ・サンダース： Shadow(2013) （日本初演）  宗像　礼： Okaeri II for ensemble (2017)世界初演 （世界初演）  大原裕子： 『大人になっていくときに見る夢』(2017)委嘱作品 （世界初演）  他,http://i-amabile.com/concert/concert180131
63,アモーレブラスバンド ,1,2018-01-21,アモーレブラスバンド 第18回定期演奏会,●アモーレブラスバンド 第18回定期演奏会2018年1月21日(日)エポックなかはら　百瀬　太智指揮Mario Bürki： Gratitude Hymn （日本初演）  他,http://i-amabile.com/concert/amorebrass18
186,日本交響楽団 ,1,2018-01-14,日本交響楽団 第9回定期演奏会,●日本交響楽団 第9回定期演奏会2018年1月14日(日)小山市立文化センター　大ホール　髙山 健児指揮矢内 弘子： テューバとティンパニの為の協奏曲 （世界初演）  他,http://i-amabile.com/concert/nipponsymphony9
243,劇団おとみっく おぺら「コジファン･ゲーム」～オペラ「コジ･ファン･トゥッテ」より～,1,2017-12-27,劇団おとみっく おぺら「コジファン･ゲーム」～オペラ「コジ･ファン･トゥッテ」より～,●劇団おとみっく おぺら「コジファン･ゲーム」～オペラ「コジ･ファン･トゥッテ」より～2017年12月27日(水)武蔵野公会堂（吉祥寺駅）Ｗ．Ａ．モーツァルト： cosi fan tutte～日本語台本・大石哲史（オペラシアターこんにゃく座） （世界初演）  他,http://i-amabile.com/concert/gekidanotomic171227
235,浪江まち物語つたえ隊 浪江まち物語コンサート＜絵おと芝居＞池袋公演,1,2017-12-21,浪江まち物語つたえ隊 浪江まち物語コンサート＜絵おと芝居＞池袋公演,●浪江まち物語つたえ隊 浪江まち物語コンサート＜絵おと芝居＞池袋公演2017年12月21日(木)自由学園「明日館」東海林悦子： なみえ母・娘避難物語 （世界初演）  東海林悦子： 甚六の狐退治 （日本初演）  他,http://i-amabile.com/concert/namiematimonogatari171221
294,浪江まち物語つたえ隊 浪江まち物語コンサート＜絵おと芝居＞新宿公演,1,2017-12-18,浪江まち物語つたえ隊 浪江まち物語コンサート＜絵おと芝居＞新宿公演,●浪江まち物語つたえ隊 浪江まち物語コンサート＜絵おと芝居＞新宿公演2017年12月18日(月)全労済ホール／スペース・ゼロ吉原りえ： 浪江ちち牛物語 （世界初演）  吉原りえ： 米作と狐 （世界初演）  吉原りえ： あんば様 （世界初演）  他,http://i-amabile.com/concert/namiematimonogatari171218
153,厚木交響楽団 ,1,2017-12-17,厚木交響楽団 第79回定期演奏会,●厚木交響楽団 第79回定期演奏会2017年12月17日(日)厚木市文化会館大ホール　田久保　裕一指揮マドセン： ホルン協奏曲 （日本初演）  他,http://i-amabile.com/concert/atsugi_so79
106,Brass Ensemble Saturday ,1,2017-12-16,Brass Ensemble Saturday 第10回記念定期演奏会 ～新たな10年に向かって～,●Brass Ensemble Saturday 第10回記念定期演奏会 ～新たな10年に向かって～2017年12月16日(土)京都市立京都堀川音楽高等学校 音楽ホール高橋宏樹： 委嘱新作 （世界初演）  他,http://i-amabile.com/concert/be_saturday10
98,Andy Music Expressionism,1,2017-12-16,Andy Music Expressionism,●Andy Music Expressionism2017年12月16日(土)高輪プリンセスガルテン音楽ホール / アンビエンテAndy： 序章 - Expressionism （日本初演）  Andy： 遥かに望む富士を眺む （日本初演）  Andy： 梅雨空と共に歩む明治神宮 （日本初演）  他,http://i-amabile.com/concert/andy_music171216
273,太鼓堂 冬の交差点 ～ 江村夏樹ピアノ独奏＋3人の演奏家たち,1,2017-12-13,太鼓堂 冬の交差点 ～ 江村夏樹ピアノ独奏＋3人の演奏家たち,●太鼓堂 冬の交差点 ～ 江村夏樹ピアノ独奏＋3人の演奏家たち2017年12月13日(水)汐留ベヒシュタイン・サロン江村夏樹： 冬の交差点 (2017) （世界初演）  他,http://i-amabile.com/concert/taikodo171213
107,グリーン・タイ ウインド・アンサンブル 後期演奏会,1,2017-12-12,グリーン・タイ ウインド・アンサンブル 後期演奏会,●グリーン・タイ ウインド・アンサンブル 後期演奏会2017年12月12日(火)洗足学園音楽大学 前田ホール　ダグラス・ボストック指揮L.V.ベートーヴェン(伊藤康英編曲)： 交響曲「ウェリントンの勝利またはヴィットリアの戦い」 作品91 （日本初演）  伊藤康英： グリーンスリーヴスの主題による幻想曲 （世界初演）  他,http://i-amabile.com/concert/senzoku_gwe171212
200,慶應義塾ワグネル・ソサィエティ・オーケストラ・ホルンパート ホルンセクションコンサート,1,2017-12-10,慶應義塾ワグネル・ソサィエティ・オーケストラ・ホルンパート ホルンセクションコンサート,●慶應義塾ワグネル・ソサィエティ・オーケストラ・ホルンパート ホルンセクションコンサート2017年12月10日(日)慶應義塾大学 日吉キャンパス協生館 藤原洋記念ホール　阪本正彦指揮J.ウィリアムズ： 組曲「スターウォーズ」(ホルン12重奏) （世界初演）  R.シュトラウス(阪本正彦 編曲)： 組曲「薔薇の騎士」(全体合奏) （世界初演）  他,http://i-amabile.com/concert/wagner_hr171210
27,昭和ホルンアンサンブル ,2,2017-12-09,昭和ホルンアンサンブル 第22回定期演奏会,●昭和ホルンアンサンブル 第22回定期演奏会2017年12月9日(土)昭和音楽大学 南校舎5F ユリホール　樋口哲生(大編成のみ)指揮野呂望： ホルン四重奏のための4つの小品 （世界初演）  他,http://i-amabile.com/concert/showa_hr_ens22
185,Solo Ensemble Concert Vol.1 Elegy,1,2017-12-08,Solo Ensemble Concert Vol.1 Elegy,●Solo Ensemble Concert Vol.1 Elegy2017年12月8日(金)東京建物八重洲ホール他,http://i-amabile.com/concert/concert171208
210,會田瑞樹 會田瑞樹と五線紙上の恋人たち,1,2017-12-05,會田瑞樹 會田瑞樹と五線紙上の恋人たち,●會田瑞樹 會田瑞樹と五線紙上の恋人たち2017年12月5日(火)杉並公会堂小ホール薮田翔一・會田瑞樹： 時代は独裁者を求める （世界初演）  清水一徹： Paravis （世界初演）  他,http://i-amabile.com/concert/mizukiaita171205
133,慶應義塾大学ウインドアンサンブル 創立40周年記念 ,1,2017-12-03,慶應義塾大学ウインドアンサンブル 創立40周年記念 第78回定期演奏会,●慶應義塾大学ウインドアンサンブル 創立40周年記念 第78回定期演奏会2017年12月3日(日)ミューザ川崎　シンフォニーホール　津田雄二郎(当団常任指揮者)、中橋愛生(40周年記念委嘱作品作曲者）、吉岡知輝(本年度学生指揮者)指揮中橋愛生： 創立40周年記念委嘱作品 （世界初演）  他,http://i-amabile.com/concert/keiowind78
19,オーケストラ・ソノーレ長野 ,2,2017-11-26,オーケストラ・ソノーレ長野 第34回定期演奏会,●オーケストラ・ソノーレ長野 第34回定期演奏会2017年11月26日(日)ホクト文化ホール　中ホール　米崎　栄和指揮G.F.マリピエロ： 4つのインヴェンション （日本初演）  他,http://i-amabile.com/concert/sonorenagano34
271,ノワ・アコルデ音楽アートサロン スウェーデンと日本の未来のクラシック音楽,1,2017-11-05,ノワ・アコルデ音楽アートサロン スウェーデンと日本の未来のクラシック音楽,●ノワ・アコルデ音楽アートサロン スウェーデンと日本の未来のクラシック音楽2017年11月5日(日)ノワ・アコルデ音楽アートサロン髙橋渓太郎：  （日本初演）  渡辺裕紀子：  （日本初演）  桑原ゆう： Three Voices for String Trio （日本初演）  他,http://i-amabile.com/concert/noix_accordees171105
130,国立音楽大学打楽器アンサンブル　,1,2017-10-29,国立音楽大学打楽器アンサンブル　第48回定期演奏会～フランスと日本の作品による～,●国立音楽大学打楽器アンサンブル　第48回定期演奏会～フランスと日本の作品による～2017年10月29日(日)国立音楽大学講堂大ホール　福田隆指揮神本真理： 2017年度国立音楽大学打楽器アンサンブル委嘱作品 （世界初演）  他,http://i-amabile.com/concert/kunitachidaken48
187,近藤浩平 ブラジルの作曲家、ニャタリと光永浩一郎、近藤浩平の音楽,1,2017-10-15,近藤浩平 ブラジルの作曲家、ニャタリと光永浩一郎、近藤浩平の音楽,●近藤浩平 ブラジルの作曲家、ニャタリと光永浩一郎、近藤浩平の音楽2017年10月15日(日)神戸北野ハンター坂　クレオール近藤浩平： 麦草峠のギター （世界初演）  近藤浩平： 週末は晴れの予報 （日本初演）  他,http://i-amabile.com/concert/koheikondo171015
77,男声合唱団クール・ゼフィール ,1,2017-10-09,男声合唱団クール・ゼフィール 第11回演奏会,●男声合唱団クール・ゼフィール 第11回演奏会2017年10月9日(月)JTアートホールアフィニス　西川竜太指揮渋谷由香： 男声6声のための「海原」 （世界初演）  金井勇： 「something there」for four male voices （世界初演）  他,http://i-amabile.com/concert/choeurzephyr11
179,特定非営利活動法人ARTE MANDOLINISTICA ストラディヴァリウスとマンドリンの饗宴,1,2017-10-08,特定非営利活動法人ARTE MANDOLINISTICA ストラディヴァリウスとマンドリンの饗宴,●特定非営利活動法人ARTE MANDOLINISTICA ストラディヴァリウスとマンドリンの饗宴2017年10月8日(日)いずみホール　藤掛廣幸指揮藤掛廣幸： ヴァイオリンとマンドリンオーケストラの為の「Pastoral Fantasy」 （世界初演）  藤掛廣幸： ヴァイオリンとマンドリンオーケストラの為の「Star Concerto」 （世界初演）  他,http://i-amabile.com/concert/arte_mandolin171008
69,横浜みなととなみ管弦楽団 ,1,2017-09-23,横浜みなととなみ管弦楽団 第3回演奏会,●横浜みなととなみ管弦楽団 第3回演奏会2017年9月23日(土)神奈川県立音楽堂　児玉章裕指揮フィンジ： チェロ協奏曲 （日本初演）  他,http://i-amabile.com/concert/minatotonami3
49,針の音楽団 針の音楽団 ～ 吹奏楽で描く日本と幻想郷の世界,1,2017-09-23,針の音楽団 針の音楽団 ～ 吹奏楽で描く日本と幻想郷の世界,●針の音楽団 針の音楽団 ～ 吹奏楽で描く日本と幻想郷の世界2017年9月23日(土)川口総合文化センターリリア　メインホール　白鷺ゆっきー指揮白鷺ゆっきー： 幻想郷への序曲 ～ 古きより紡がれし伝承 （世界初演）  他,http://i-amabile.com/concert/harimusic170923
229,トゥールビヨン 〜中世:キプロス島音楽の煌めき〜イソリズムモテット:中世最後期の精巧なる対位法,1,2017-09-22,トゥールビヨン 〜中世:キプロス島音楽の煌めき〜イソリズムモテット:中世最後期の精巧なる対位法,●トゥールビヨン 〜中世:キプロス島音楽の煌めき〜イソリズムモテット:中世最後期の精巧なる対位法2017年9月22日(金)日本福音ルーテル東京教会　守谷 敦指揮不詳： トリノ写本(J.Ⅱ.9)  通称キプロス写本より「壮麗なるかな永遠の光／来たれ輝ける英名よ （日本初演）  不詳： トリノ写本(J.Ⅱ.9)  通称キプロス写本より「謹んでお祈りします/十字架に祈りを捧げ」 （日本初演）  不詳： トリノ写本(J.Ⅱ.9) 通称キプロス写本より「輝く勇気の宝珠/栄光の今日」 （日本初演）  他,http://i-amabile.com/concert/tourbillon170922
1,オーケストラ《エクセルシス》 ,7,2017-09-18,オーケストラ《エクセルシス》 第8回演奏会,●オーケストラ《エクセルシス》 第8回演奏会2017年9月18日(月)杉並公会堂　大浦智弘指揮リスエア（リーサゲル）： シンフォニア・ガイア（交響曲第4番） （日本初演）  ベアセン： 交響曲第2番「海」 （日本初演）  他,http://i-amabile.com/concert/orchestra_excelsis8
55,仙台フィル首席テューバ奏者ピーター・リンク ピーター・リンク　テューバ・リサイタルツアー大阪公演,1,2017-09-14,仙台フィル首席テューバ奏者ピーター・リンク ピーター・リンク　テューバ・リサイタルツアー大阪公演,●仙台フィル首席テューバ奏者ピーター・リンク ピーター・リンク　テューバ・リサイタルツアー大阪公演2017年9月14日(木)豊中市立芸術文化センター小ホールスティーブンス： テューバ協奏曲「ジャーニー」 （日本初演）  他,http://i-amabile.com/concert/peter_link170914
278,アンサンブル・フリー EAST ,1,2017-08-26,アンサンブル・フリー EAST 第８回演奏会,●アンサンブル・フリー EAST 第８回演奏会2017年8月26日(土)杉並公会堂　大ホール　浅野 亮介指揮川上 統： Gannets’ Carnival （世界初演）  他,http://i-amabile.com/concert/ensemblefree_east8
255,ユニコーン・シンフォニー・オーケストラ －慶應義塾中等部の卒業生による ,1,2017-08-26,ユニコーン・シンフォニー・オーケストラ －慶應義塾中等部の卒業生による 第8回定期演奏会,"●ユニコーン・シンフォニー・オーケストラ －慶應義塾中等部の卒業生による 第8回定期演奏会2017年8月26日(土)第一生命ホール　神成 大輝指揮鈴木桂太郎： 弦楽四重奏曲『？』 (Question mark)  (Op.19b, 弦楽合奏版) （世界初演）  他",http://i-amabile.com/concert/unicorn_orch8
131,アンサンブル・エクソフォニー・トウキョウ ,1,2017-07-10,アンサンブル・エクソフォニー・トウキョウ 第3回演奏会,●アンサンブル・エクソフォニー・トウキョウ 第3回演奏会2017年7月10日(月)トーキョーコンサーツ・ラボ　大西義明指揮篠原眞： 弦楽四重奏曲 （2016） （世界初演）  マーク・アンドレ： « ...IN… » (2003) （日本初演）  クララ・イアノッタ： Il colore dell’ombra (2010) （日本初演）  フランチスコ・C.・ゴールドシュミット： ...y te pierdes y te hundes... (2013-16) （日本初演）  他,http://i-amabile.com/concert/ensemble_exophonie3
212,杉並弦楽合奏団 ,1,2017-06-17,杉並弦楽合奏団 第60回定期演奏会,●杉並弦楽合奏団 第60回定期演奏会2017年6月17日(土)セシオン杉並ホール　鈴木　衛指揮横山　淳： 弦楽合奏のための「木霊の連珠」 （世界初演）  他,http://i-amabile.com/concert/sugigen60
35,アンサンブル・フリー ,2,2017-06-04,アンサンブル・フリー 第25回演奏会,●アンサンブル・フリー 第25回演奏会2017年6月4日(日)京都コンサートホール　大ホール　浅野　亮介指揮薮田 翔一： anima （日本初演）  薮田 翔一： Gush～Concerto for Vibraphone and Orchestra～ （世界初演）  他,http://i-amabile.com/concert/ensemblefree25
145,日本ヨハン・シュトラウス協会管弦楽団 ,1,2017-05-28,日本ヨハン・シュトラウス協会管弦楽団 第39回演奏会,●日本ヨハン・シュトラウス協会管弦楽団 第39回演奏会2017年5月28日(日)江戸川区総合文化センター 大ホール　鷲見尚保指揮ヨハン・シュトラウス2世： 無邪気なこども Op.202 （日本初演）  他,http://i-amabile.com/concert/jp_strauss39
233,弦楽器協奏曲の祭典,1,2017-05-14,弦楽器協奏曲の祭典,●弦楽器協奏曲の祭典2017年5月14日(日)文京シビックホール　大ホール　泉　翔士指揮ラヴェル（門田和峻編曲）： 亡き王女のためのパヴァーヌ （世界初演）  他,http://i-amabile.com/concert/concert170514
38,作曲の会「Shining」 ,2,2017-05-13,作曲の会「Shining」 第９回吹奏楽作品展　～ポピュラー・ミュージックとの交点～,●作曲の会「Shining」 第９回吹奏楽作品展　～ポピュラー・ミュージックとの交点～2017年5月13日(土)江東区文化センター　神成 大輝指揮岩井 晴輝： Summer Solstice （世界初演）  山本 慶太朗： “Change” -アルトサクソフォーンと吹奏楽のための （世界初演）  澁谷 風司： Virtual Toybox Ver.3.0 （世界初演）  浦木 裕太： Pause （世界初演）  近藤 礼隆： ATM Collage!! （世界初演）  仮屋 賢一： Honeycomb （世界初演）  了徳寺 佳祐： Ｑをアジテイト （世界初演）  中川 峻彰： ものかくしの水たま （世界初演）  葛西 竜之介： 「激甚」～吹奏楽のための （世界初演）  他,http://i-amabile.com/concert/shining_yca9
281,墓の魚 貝を漁る漁師達のミサ　～８曲のミサ・マカーブルと１２の俗的な墓想曲～,1,2017-05-07,墓の魚 貝を漁る漁師達のミサ　～８曲のミサ・マカーブルと１２の俗的な墓想曲～,●墓の魚 貝を漁る漁師達のミサ　～８曲のミサ・マカーブルと１２の俗的な墓想曲～2017年5月7日(日)松本音楽記念迎賓館　黒実　音子指揮黒実音子： ワインとヒキガエルのファド （世界初演）  黒実音子： 死病の行進　第三楽章 （世界初演）  他,http://i-amabile.com/concert/tumba170507
13,アイノラ交響楽団 ,3,2017-04-09,アイノラ交響楽団 第14回定期演奏会  ～ フィンランド独立100年によせて ～,●アイノラ交響楽団 第14回定期演奏会  ～ フィンランド独立100年によせて ～2017年4月9日(日)杉並公会堂 大ホール　新田ユリ指揮シベリウス： 「報道の日」祝典のための音楽 JS 137 （日本初演）  シベリウス： 火の起源 作品32 （日本初演）  他,http://i-amabile.com/concert/ainola14
54,トリオ・シュトイアーマン 〜ピエールヴィスメールの音楽とともに〜,1,2017-04-08,トリオ・シュトイアーマン 〜ピエールヴィスメールの音楽とともに〜,●トリオ・シュトイアーマン 〜ピエールヴィスメールの音楽とともに〜2017年4月8日(土)hall60(ホールソワサント）ピエール・ヴィスメール： ヴァイオリンとピアノのためのソナチネ (1946) （日本初演）  ピエール・ヴィスメール： トリオ・アデルフィアーノ (1981) （日本初演）  他,http://i-amabile.com/concert/triosteuermann170408
8,アンサンブル・フリーEAST ,4,2017-03-25,アンサンブル・フリーEAST 第7回演奏会,"●アンサンブル・フリーEAST 第7回演奏会2017年3月25日(土)江東区文化センターホール　浅野 亮介指揮神本 真理： à l'aube, les pas...（夜明けへのステップ） （世界初演）  他",http://i-amabile.com/concert/ensemblefree_east7
146,Lumière（ルミエール） ,1,2017-03-12,Lumière（ルミエール） 第１回演奏会,●Lumière（ルミエール） 第１回演奏会2017年3月12日(日)名古屋市千種文化小劇場倉地佑奈： 新作歌曲 （世界初演）  他,http://i-amabile.com/concert/lumiere11akari1
175,Osaka Pastoral Symphony Orchestra ,1,2017-03-11,Osaka Pastoral Symphony Orchestra 第1回演奏会,●Osaka Pastoral Symphony Orchestra 第1回演奏会2017年3月11日(土)門真市民文化会館 ルミエールホール大ホール　松永健司郎指揮ヴォーン・ウィリアムズ： ロンドン交響曲（1913年初稿版） （日本初演）  他,http://i-amabile.com/concert/o_pas1
39,ブラス　ユナイテッド 金管5重奏コンサート,2,2017-03-09,ブラス　ユナイテッド 金管5重奏コンサート,●ブラス　ユナイテッド 金管5重奏コンサート2017年3月9日(木)豊中ローズホールフェルヘルスト編曲： プルチネラ組曲 1 & 2 （日本初演）  高嶋圭子： スクウェア　ムージック （世界初演）  他,http://i-amabile.com/concert/brass_united170309
39,ブラス　ユナイテッド 金管5重奏コンサート,2,2017-03-07,ブラス　ユナイテッド 金管5重奏コンサート,●ブラス　ユナイテッド 金管5重奏コンサート2017年3月7日(火)東京文化会館フェルヘルスト編曲： プルチネラ組曲 1 & 2 （日本初演）  高嶋圭子： スクウェア　ムージック （世界初演）  他,http://i-amabile.com/concert/brass_united170307
196,B-side Philharmonic Orchestra ,1,2017-02-28,B-side Philharmonic Orchestra 第５回演奏会,●B-side Philharmonic Orchestra 第５回演奏会2017年2月28日(火)三鷹市芸術文化センター風のホール　濱本広洋指揮鈴木洋平： 小交響曲 ニ短調 （世界初演）  他,http://i-amabile.com/concert/b_side5
117,つくばトロンボーンクラブ ,1,2017-02-25,つくばトロンボーンクラブ 第30回記念定期演奏会,●つくばトロンボーンクラブ 第30回記念定期演奏会2017年2月25日(土)つくばセンタービルノバホール (TXつくば駅より徒歩3分)鹿野草平： トロンボーン8重奏のための《トッカータとコラール》(第30回記念委嘱作品) （世界初演）  他,http://i-amabile.com/concert/tsukubattc30
164,ハルモニア合奏団 ,1,2017-02-19,ハルモニア合奏団 第41回定期演奏会,●ハルモニア合奏団 第41回定期演奏会2017年2月19日(日)ルーテル市ヶ谷ホール　菅原眸指揮シーウェル： 11本の管楽器のための「変奏曲」 （日本初演）  他,http://i-amabile.com/concert/harmoniawe41
168,近衞楽友会オーケストラ ,1,2017-02-11,近衞楽友会オーケストラ 第九特別演奏会,●近衞楽友会オーケストラ 第九特別演奏会2017年2月11日(土)東京芸術劇場　コンサートホール　中濵圭指揮近衞秀健： 平成の庭 （世界初演）  他,http://i-amabile.com/concert/konoye_orche170211
20,ハルモニア ウインド アンサンブル ,2,2017-02-05,ハルモニア ウインド アンサンブル 第27回定期演奏会,●ハルモニア ウインド アンサンブル 第27回定期演奏会2017年2月5日(日)杉並公会堂 大ホール小見山 朋子： 風花（かざばな） （世界初演）  他,http://i-amabile.com/concert/harmonia_we27
236,野猿フィルハーモニー管弦楽団 SpringConcert2017,1,2017-01-21,野猿フィルハーモニー管弦楽団 SpringConcert2017,●野猿フィルハーモニー管弦楽団 SpringConcert20172017年1月21日(土)八王子市芸術文化会館（いちょうホール）大ホール　藤原真指揮久石譲/岩田匡史編： 交響組曲「もののけ姫」 （世界初演）  他,http://i-amabile.com/concert/yaen-phil170121
25,kuniko kato arts project ARMENIAN SONGS,2,2017-01-20,kuniko kato arts project ARMENIAN SONGS,●kuniko kato arts project ARMENIAN SONGS2017年1月20日(金)穂の国とよはし芸術劇場主ホールGabriela Lena Frank： Seven Armenian Songs(2013) （日本初演）  他,http://i-amabile.com/concert/kuniko_kato170120
25,kuniko kato arts project ARMENIAN SONGS,2,2017-01-19,kuniko kato arts project ARMENIAN SONGS,●kuniko kato arts project ARMENIAN SONGS2017年1月19日(木)神奈川県民ホール小ホールGabriela Lena Frank： Seven Armenian Songs(2013) （日本初演）  他,http://i-amabile.com/concert/kuniko_kato170119
231,ハーバード・グリークラブ ニューイヤー ツアー 2017（東京公演）,1,2017-01-16,ハーバード・グリークラブ ニューイヤー ツアー 2017（東京公演）,●ハーバード・グリークラブ ニューイヤー ツアー 2017（東京公演）2017年1月16日(月)紀尾井ホール　アンドリュー・クラーク指揮菅野よう子： 花は咲く （世界初演）  他,http://i-amabile.com/concert/harvardgleeclubjapan170116
288,フィル・ピーリック 公開マスタークラス＆コンサート,1,2017-01-14,フィル・ピーリック 公開マスタークラス＆コンサート,●フィル・ピーリック 公開マスタークラス＆コンサート2017年1月14日(土)ドルチェ・アーティスト・サロンDavid Kley Mettens： Passacaglia （日本初演）  他,http://i-amabile.com/concert/philpierick170114
110,ハーバード・グリークラブ ニューイヤー ツアー 2017（大阪公演）,1,2017-01-10,ハーバード・グリークラブ ニューイヤー ツアー 2017（大阪公演）,●ハーバード・グリークラブ ニューイヤー ツアー 2017（大阪公演）2017年1月10日(火)大阪 いずみホール　アンドリュー・クラーク指揮菅野よう子： 花は咲く （世界初演）  他,http://i-amabile.com/concert/harvardgleeclubjapan170110
262,JWFC クリスマス・アット・ザ・ムービー,1,2016-12-25,JWFC クリスマス・アット・ザ・ムービー,●JWFC クリスマス・アット・ザ・ムービー2016年12月25日(日)東京都　三鷹市芸術文化センター　風のホール　榊　真由指揮パトリック・ドイル： ハリー・ポッターと炎のゴブレット （日本初演）  ニコラス・フーパー： ハリー・ポッターと不死鳥の騎士団/謎のプリンス （日本初演）  アレクサンダー・デスプラ： ハリー・ポッターと死の秘宝ＰＡＲＴ１＆２ （日本初演）  ビル・コンティ： ライト・スタッフ （日本初演）  他,http://i-amabile.com/concert/jwfc161225
11,上智大学吹奏楽研究会 ,3,2016-12-17,上智大学吹奏楽研究会 第54回定期演奏会,●上智大学吹奏楽研究会 第54回定期演奏会2016年12月17日(土)川崎市教育文化会館 大ホール　正指揮者：池野 翔、副指揮者：飯田 花萌指揮ラルフ・ウール： The Culture of the Celts （日本初演）  他,http://i-amabile.com/concert/sophiaconcertband54
307,アルエム弦楽合奏団 アンサンブル・アルエム　,1,2016-12-11,アルエム弦楽合奏団 アンサンブル・アルエム　第8回定期演奏会,●アルエム弦楽合奏団 アンサンブル・アルエム　第8回定期演奏会2016年12月11日(日)藤原洋記念ホール　堀越隆一指揮松浦久晴： 交響曲「ブライトライト（輝ける光）」 （世界初演）  他,http://i-amabile.com/concert/artaim8
27,昭和ホルンアンサンブル ,2,2016-12-07,昭和ホルンアンサンブル 第21回定期演奏,●昭和ホルンアンサンブル 第21回定期演奏2016年12月7日(水)昭和音楽大学南校舎5F ユリホール　樋口哲生 (大編成のみ)指揮P.l.Tchikovsky (吉村一哉 編曲)： チャイコフスキー・スクラップ＝ビルド （世界初演）  他,http://i-amabile.com/concert/showa_hr_ens21
282,京都女子大学交響楽団 ,1,2016-12-04,京都女子大学交響楽団 第26回定期演奏会,●京都女子大学交響楽団 第26回定期演奏会2016年12月4日(日)八幡市文化センター　安村好弘指揮安村好弘： 管弦楽のための《悠久の章》（新作初演） （世界初演）  他,http://i-amabile.com/concert/kwu_orchestra26
182,医科学生コンチェルトオーケストラ ,1,2016-11-27,医科学生コンチェルトオーケストラ 第4回演奏会,●医科学生コンチェルトオーケストラ 第4回演奏会2016年11月27日(日)めぐろパーシモンホール 大ホール　直井大輔指揮平井京子： ピアノ協奏曲「星の林」 （世界初演）  他,http://i-amabile.com/concert/icon4
89,医科学生コンチェルトオーケストラ 平成27年 千葉県舞台芸術企画募集採択作品 千葉県東総文化会館 開館25周年記念 地域復興支援事業 医科学生コンチェルトオーケストラ 特別演奏会,1,2016-11-13,医科学生コンチェルトオーケストラ 平成27年 千葉県舞台芸術企画募集採択作品 千葉県東総文化会館 開館25周年記念 地域復興支援事業 医科学生コンチェルトオーケストラ 特別演奏会,●医科学生コンチェルトオーケストラ 平成27年 千葉県舞台芸術企画募集採択作品 千葉県東総文化会館 開館25周年記念 地域復興支援事業 医科学生コンチェルトオーケストラ 特別演奏会2016年11月13日(日)千葉県東総文化会館(千葉県旭市)　直井大輔指揮平井京子： ピアノ協奏曲「星の林」 （世界初演）  他,http://i-amabile.com/concert/icon161113
221,サロン・ドゥ・螺 北夙川不可止プロデュース古楽シリーズvol.19(昼の部),1,2016-11-06,サロン・ドゥ・螺 北夙川不可止プロデュース古楽シリーズvol.19(昼の部),●サロン・ドゥ・螺 北夙川不可止プロデュース古楽シリーズvol.19(昼の部)2016年11月6日(日)サロン・ドゥ・螺鈴木貴博： ミル・ルグレ （世界初演）  澤朱里： さくらさくらによるシャコンヌ （世界初演）  他,http://i-amabile.com/concert/ra_spiral161106_1
48,サロン・ドゥ・螺 北夙川不可止プロデュース古楽シリーズvol.19(夜の部),1,2016-11-06,サロン・ドゥ・螺 北夙川不可止プロデュース古楽シリーズvol.19(夜の部),●サロン・ドゥ・螺 北夙川不可止プロデュース古楽シリーズvol.19(夜の部)2016年11月6日(日)サロン・ドゥ・螺鈴木貴博： ミル・ルグレ （世界初演）  澤朱里： さくらさくらによるシャコンヌ （世界初演）  他,http://i-amabile.com/concert/ra_spiral161106_2
88,神奈川セリエスオーケストラ ,1,2016-11-06,神奈川セリエスオーケストラ 第5回定期演奏会,●神奈川セリエスオーケストラ 第5回定期演奏会2016年11月6日(日)鎌倉芸術館　大ホール　木許裕介指揮シャブリエ（管弦楽編/ラヴェル）： 10の絵画風小品より第9番「壮麗なるメヌエット」 （日本初演）  他,http://i-amabile.com/concert/series_orch5
7,フィルハーモニア・エテルナ ,4,2016-10-30,フィルハーモニア・エテルナ 第22回定期演奏会【創立20周年記念演奏会シリーズ】,●フィルハーモニア・エテルナ 第22回定期演奏会【創立20周年記念演奏会シリーズ】2016年10月30日(日)すみだトリフォニーホール　大ホール　十束尚宏指揮十束尚宏： 新作 （世界初演）  他,http://i-amabile.com/concert/phil-aeterna22
261,NABEオケ NABEオケ in 桐朋祭2016,1,2016-10-15,NABEオケ NABEオケ in 桐朋祭2016,●NABEオケ NABEオケ in 桐朋祭20162016年10月15日(土)桐朋学園大学調布キャンパス008教室　渡辺智博指揮宮下亮明： Rapid （世界初演）  他,http://i-amabile.com/concert/nabe_orchestra161015
208,植村照ピアノリサイタル（公財）青山財団助成公演～ゲオルギー・スヴィリードフの世界～,1,2016-10-02,植村照ピアノリサイタル（公財）青山財団助成公演～ゲオルギー・スヴィリードフの世界～,●植村照ピアノリサイタル（公財）青山財団助成公演～ゲオルギー・スヴィリードフの世界～2016年10月2日(日)バロックザール京都青山音楽記念館スヴィリードフ： 子どものためのアルバム （日本初演）  スヴィリードフ： 吹雪～プーシキンの物語への音楽の挿絵〈ピアノ独奏版〉 （日本初演）  スヴィリードフ： ピアノトリオ　イ短調　作品６ （日本初演）  他,http://i-amabile.com/concert/concert161002
132,初演企画　Premiere Orchestra Workshop ,1,2016-10-01,初演企画　Premiere Orchestra Workshop 第4回演奏会,●初演企画　Premiere Orchestra Workshop 第4回演奏会2016年10月1日(土)神戸市立灘区民ホール（マリーホール）　山内裕太、静間佳佑指揮大森 愛弓： 狐の嫁入り ーソプラノとオーケストラのためのー （世界初演）  小松 淳史： まじなひ～安倍晴明の伝説に寄せて～ （世界初演）  他,http://i-amabile.com/concert/premieresymphony4
260,シネクドキズム実行委員会 音楽と写真と映像の作品「シネクドキズムII＜コンティニュイティー＞」,1,2016-09-25,シネクドキズム実行委員会 音楽と写真と映像の作品「シネクドキズムII＜コンティニュイティー＞」,●シネクドキズム実行委員会 音楽と写真と映像の作品「シネクドキズムII＜コンティニュイティー＞」2016年9月25日(日)愛知県芸術劇場　小ホール今井智景： 音楽と写真と映像の作品「シネクドキズムII＜コンティニュイティー＞」 （世界初演）  他,http://i-amabile.com/concert/synecdochism160925
1,オーケストラ《エクセルシス》 ,7,2016-09-10,オーケストラ《エクセルシス》 第7回演奏会,●オーケストラ《エクセルシス》 第7回演奏会2016年9月10日(土)杉並公会堂大ホール　大浦智宏指揮ラングストレム： 交響曲第2番 ニ短調 「わが祖国」 （日本初演）  他,http://i-amabile.com/concert/orchestra_excelsis7
10,Musitravel 三原有利加　Yurika Mihara　ピアノ デビューCDリリース記念コンサート,4,2016-09-04,Musitravel 三原有利加　Yurika Mihara　ピアノ デビューCDリリース記念コンサート,●Musitravel 三原有利加　Yurika Mihara　ピアノ デビューCDリリース記念コンサート2016年9月4日(日)カーサクラシカ北村ゆい　： スノードロップ （日本初演）  他,http://i-amabile.com/concert/musitravelconcerts160904_2
10,Musitravel 三原有利加　Yurika Mihara　ピアノ デビューCDリリース記念コンサート,4,2016-09-04,Musitravel 三原有利加　Yurika Mihara　ピアノ デビューCDリリース記念コンサート,●Musitravel 三原有利加　Yurika Mihara　ピアノ デビューCDリリース記念コンサート2016年9月4日(日)カーサクラシカ北村ゆい： スノードロップ （日本初演）  他,http://i-amabile.com/concert/musitravelconcerts160904_1
66,Musitravel 三原有利加 Yurika Mihara ピアノ  デビューCDリリース記念コンサート,1,2016-09-02,Musitravel 三原有利加 Yurika Mihara ピアノ  デビューCDリリース記念コンサート,●Musitravel 三原有利加 Yurika Mihara ピアノ  デビューCDリリース記念コンサート2016年9月2日(金)アクロス福岡 円形ホール　北村ゆい　： スノードロップ （日本初演）  他,http://i-amabile.com/concert/musitravelconcerts160902_2
10,Musitravel 三原有利加　Yurika Mihara　ピアノ デビューCDリリース記念コンサート,4,2016-09-02,Musitravel 三原有利加　Yurika Mihara　ピアノ デビューCDリリース記念コンサート,●Musitravel 三原有利加　Yurika Mihara　ピアノ デビューCDリリース記念コンサート2016年9月2日(金)アクロス福岡 円形ホール　北村ゆい　： スノードロップ （日本初演）  北村ゆい： 懐かしき香り （日本初演）  他,http://i-amabile.com/concert/musitravelconcerts160902_1
10,Musitravel 三原有利加　Yurika Mihara　ピアノ デビューCDリリース記念コンサート,4,2016-08-30,Musitravel 三原有利加　Yurika Mihara　ピアノ デビューCDリリース記念コンサート,●Musitravel 三原有利加　Yurika Mihara　ピアノ デビューCDリリース記念コンサート2016年8月30日(火)谷山サザンホール　北村ゆい　： スノードロップ （日本初演）  北村ゆい： 懐かしき香り （日本初演）  他,http://i-amabile.com/concert/musitravelconcerts160830
30,アンサンブル・オルフェーオ ,2,2016-08-28,アンサンブル・オルフェーオ 第9回 演奏会,●アンサンブル・オルフェーオ 第9回 演奏会2016年8月28日(日)五反田文化センター岩本正樹： EO組曲　ノクターン　変ロ短調 （世界初演）  他,http://i-amabile.com/concert/e_orfeo9
228,アンサンブル・フリーEast ,1,2016-08-27,アンサンブル・フリーEast 第６回演奏会,●アンサンブル・フリーEast 第６回演奏会2016年8月27日(土)小金井宮地楽器ホール　浅野　亮介指揮辻田　絢菜： QUN for Orchestra / Collectionism 7（委嘱作品・世界初演） （世界初演）  他,http://i-amabile.com/concert/ensemblefree_east6
72,麻布学園OBオーケストラ 特別演奏会2016,1,2016-08-20,麻布学園OBオーケストラ 特別演奏会2016,●麻布学園OBオーケストラ 特別演奏会20162016年8月20日(土)東京芸術劇場 コンサートホール　鈴木 優人指揮藤倉 大： ホルン協奏曲第2番Part1 （世界初演）  他,http://i-amabile.com/concert/azabu_ob160820
203,Scale Laboratory 鈴木彩×長井江里奈　ライブパフォーマンス『待ち合わせは月の裏側』,1,2016-08-18,Scale Laboratory 鈴木彩×長井江里奈　ライブパフォーマンス『待ち合わせは月の裏側』,●Scale Laboratory 鈴木彩×長井江里奈　ライブパフォーマンス『待ち合わせは月の裏側』2016年8月18日(木)沼津ラクーン８F　〒410-0801 静岡県 沼津市大手町3-4-1なし： 即興 （世界初演）  他,http://i-amabile.com/concert/scale_lab160818
223,「チェロの森」２０１６ 東日本復興支援コンサート　「チェロの森」１０周年記念公演,1,2016-08-07,「チェロの森」２０１６ 東日本復興支援コンサート　「チェロの森」１０周年記念公演,●「チェロの森」２０１６ 東日本復興支援コンサート　「チェロの森」１０周年記念公演2016年8月7日(日)豊田市コンサートホール　中村暢宏、岩城雅邦指揮平田聖子： 夏初月・そぼ降る雨の森　ほか （世界初演）  高崎真介： 豊田市の民話「鞍ヶ池」・「神馬の絵馬」 （世界初演）  他,http://i-amabile.com/concert/cf2016_160807
103,Planet-Terra Youth Orchestra ,1,2016-08-06,Planet-Terra Youth Orchestra 第4回演奏会,●Planet-Terra Youth Orchestra 第4回演奏会2016年8月6日(土)国立オリンピック記念青少年総合センター 大ホール　澤崎杖也、渡辺智博指揮寺嶋民哉： 組曲『カレワラ』より （世界初演）  他,http://i-amabile.com/concert/ptyorch4
292,幣隆太朗コントラバスリサイタル2016,1,2016-08-03,幣隆太朗コントラバスリサイタル2016,●幣隆太朗コントラバスリサイタル20162016年8月3日(水)松本市音楽文化ホール（ハーモニーホール）薮田翔一： The grand design （世界初演）  他,http://i-amabile.com/concert/ryutaro_hei160803
214,アンサンブル・リュミエ もっと身近にクラシック♪vol.5　6種の楽器によるファミリー・サマーコンサート,1,2016-07-23,アンサンブル・リュミエ もっと身近にクラシック♪vol.5　6種の楽器によるファミリー・サマーコンサート,●アンサンブル・リュミエ もっと身近にクラシック♪vol.5　6種の楽器によるファミリー・サマーコンサート2016年7月23日(土)所沢市立小手指公民館分館ホール水本芳枝（編曲）： 6種の楽器紹介メドレー（リュミエオリジナル） （世界初演）  他,http://i-amabile.com/concert/lumie160723
205,横須賀市民吹奏楽団 ,1,2016-07-03,横須賀市民吹奏楽団 第53回定期演奏会,●横須賀市民吹奏楽団 第53回定期演奏会2016年7月3日(日)横須賀市文化会館大ホール　天野正道指揮天野正道： 横須賀市民吹奏楽団創立35周年記念委嘱作品(仮称) （世界初演）  他,http://i-amabile.com/concert/yokosukashisui53
275,石神井Int’lオーケストラ ,1,2016-06-19,石神井Int’lオーケストラ 第３回定期演奏会,●石神井Int’lオーケストラ 第３回定期演奏会2016年6月19日(日)清瀬けやきホール　西谷 国登指揮ルドルフ- ハケン： ５弦ヴィオラの為の協奏曲（弦楽合奏版） （日本初演）  他,http://i-amabile.com/concert/shakuoke3
174,東京ユヴェントス・フィルハーモニー 舘野 泉 3つのピアノ協奏曲 初演,1,2016-06-18,東京ユヴェントス・フィルハーモニー 舘野 泉 3つのピアノ協奏曲 初演,●東京ユヴェントス・フィルハーモニー 舘野 泉 3つのピアノ協奏曲 初演2016年6月18日(土)第一生命ホール　坂入 健司郎指揮ルネ・シュタール： ファンタスティック・ダンセス （世界初演）  パウル・ヒンデミット： 左手のためのピアノ協奏曲 Op.29 （日本初演）  他,http://i-amabile.com/concert/keio_youth160618
11,上智大学吹奏楽研究会 ,3,2016-05-28,上智大学吹奏楽研究会 第55回上南交歓演奏会,●上智大学吹奏楽研究会 第55回上南交歓演奏会2016年5月28日(土)名古屋市青少年文化センターアートピアホール　南山正指揮者：大鹿 一仁、上智正指揮者：池野 翔指揮ファーガル・キャロル： ブラックウォーター （日本初演）  他,http://i-amabile.com/concert/sophiaconcertband160522
33,Orchestra Ensemble Free ,2,2016-05-22,Orchestra Ensemble Free 第23回演奏会,●Orchestra Ensemble Free 第23回演奏会2016年5月22日(日)尼崎市総合文化センター あましんアルカイックホール　浅野 亮介指揮助川 舞： 溟渤を織る星の糸 (2015年改訂版) [Ensemble Free 委嘱作品・関西初演] （世界初演）  他,http://i-amabile.com/concert/ensemblefree23
12,ウィンドアンサンブル エッフェ ,3,2016-05-01,ウィンドアンサンブル エッフェ 第7回定期演奏会,●ウィンドアンサンブル エッフェ 第7回定期演奏会2016年5月1日(日)杉並公会堂 大ホール (荻窪駅北口徒歩7分(JR中央線/東京メトロ丸ノ内線))　大石三郎(当団代表、常任指揮者)指揮岩田　学： Japanese Wind II (Octet ver.) （フルート・クラリネットアンサンブル） （世界初演）  他,http://i-amabile.com/concert/we_f7
80,トレイルブレイザーズ・テンピースブラス,1,2016-04-28,トレイルブレイザーズ・テンピースブラス,●トレイルブレイザーズ・テンピースブラス2016年4月28日(木)杉並公会堂 大ホールジム・パーカー： ニューヨークのロンドン子（星野 究 編曲／テンピースブラス版） （世界初演）  他,http://i-amabile.com/concert/trailblazers11
0,オーケストラ・ナデージダ ,11,2016-04-03,オーケストラ・ナデージダ 第14回演奏会,●オーケストラ・ナデージダ 第14回演奏会2016年4月3日(日)杉並公会堂　渡辺 新指揮ドゥナエフスキー： 映画音楽「グラント船長のこどもたち」より序曲 （日本初演）  ボルトキエヴィチ： 交響曲第2番 （日本初演）  他,http://i-amabile.com/concert/nadezhda14
230,ファゴット&マリンバ　デュオリサイタル,1,2016-03-23,ファゴット&マリンバ　デュオリサイタル,●ファゴット&マリンバ　デュオリサイタル2016年3月23日(水)松明堂音楽ホール小泉輝明： せんはうたう （日本初演）  他,http://i-amabile.com/concert/concert160323
14,Orchestra Ensemble Free East ,3,2016-03-13,Orchestra Ensemble Free East 第５回演奏会,●Orchestra Ensemble Free East 第５回演奏会2016年3月13日(日)スクエア荏原ひらつかホール　浅野　亮介指揮阿部　俊祐： 「Ｌ’ａｒｂｒｅ　ｄ’ｅｕｒｅｋａ」（ユリイカの樹） （世界初演）  他,http://i-amabile.com/concert/ensemblefree_east5
20,ハルモニア ウインド アンサンブル ,2,2016-03-06,ハルモニア ウインド アンサンブル 第26回定期演奏会,●ハルモニア ウインド アンサンブル 第26回定期演奏会2016年3月6日(日)なかのZERO 大ホール小見山朋子： 序曲 「Age of Discovery」 （世界初演）  他,http://i-amabile.com/concert/harmonia_we26
59,上野学園大学・同短期大学部（音大） ,1,2016-02-21,上野学園大学・同短期大学部（音大） 第3回ウィンド・アンサンブル定期演奏会,●上野学園大学・同短期大学部（音大） 第3回ウィンド・アンサンブル定期演奏会2016年2月21日(日)上野学園 講堂（石橋メモリアルホール）　齋藤勇二指揮三宅康弘： プロペラ飛行機―吹奏楽のための（新作初演） （世界初演）  他,http://i-amabile.com/concert/uenogakuen160221
112,東京佼成ウインドオーケストラ ,1,2016-02-13,東京佼成ウインドオーケストラ 第127回定期演奏会,●東京佼成ウインドオーケストラ 第127回定期演奏会2016年2月13日(土)東京芸術劇場　コンサートホール　大井剛史（正指揮者）指揮中橋愛生： ＴＫＷＯ委嘱作品 （世界初演）  他,http://i-amabile.com/concert/tokyo_kosei_wo127
266,野猿フィルハーモニー管弦楽団 SpringConcert2016,1,2016-02-07,野猿フィルハーモニー管弦楽団 SpringConcert2016,●野猿フィルハーモニー管弦楽団 SpringConcert20162016年2月7日(日)八王子市南大沢文化会館 主ホール　藤原真指揮久石譲/岩田匡史編： 『天空の城ラピュタ』組曲 （世界初演）  他,http://i-amabile.com/concert/yaen-phil160207
213,オーケストラ・ナデージダ&合唱団ナデージダ 弦楽合奏と合唱による2016年ニューイヤー演奏会,1,2016-01-30,オーケストラ・ナデージダ&合唱団ナデージダ 弦楽合奏と合唱による2016年ニューイヤー演奏会,●オーケストラ・ナデージダ&合唱団ナデージダ 弦楽合奏と合唱による2016年ニューイヤー演奏会2016年1月30日(土)浜離宮朝日ホール　音楽ホール　渡辺 新指揮アルフェーエフ（イラリオン府主教）： マトフェイ受難曲（マタイ受難曲） （日本初演）  他,http://i-amabile.com/concert/nadezhda2016newyear
279,交響楽団CTK ,1,2015-12-26,交響楽団CTK 第2回演奏会,●交響楽団CTK 第2回演奏会2015年12月26日(土)横浜みなとみらいホール　大ホール　佐藤 雄一指揮D. ショスタコーヴィチ： 映画音楽「五日五夜」(組曲版)  作品111 （日本初演）  他,http://i-amabile.com/concert/ctk2
45,新宿交響楽団 ,2,2015-12-20,新宿交響楽団 第50回記念定期演奏会,●新宿交響楽団 第50回記念定期演奏会2015年12月20日(日)新宿文化センター　大ホール　高畠　浩指揮青島広志： 新「展覧会の絵」 （世界初演）  他,http://i-amabile.com/concert/sso50
47,Liberté The 12th Concert,1,2015-12-05,Liberté The 12th Concert,●Liberté The 12th Concert2015年12月5日(土)トッパンホール　鷹羽弘晃指揮壺井一歩・橋爪皓佐・桑原ゆう編： Pops in Mandolin Orchestra - Beatles I （世界初演）  川上統： ヘリコプリオン （世界初演）  他,http://i-amabile.com/concert/liberte_mandolin12
83,アンサンブル山手バロッコ 情熱のイタリア・バロック,1,2015-12-05,アンサンブル山手バロッコ 情熱のイタリア・バロック,●アンサンブル山手バロッコ 情熱のイタリア・バロック2015年12月5日(土)横浜市開港記念会館ポルポラ： アグリッピーナより　「愛なのじゃ」 （日本初演）  他,http://i-amabile.com/concert/yamatebarocco151205
268,雪国の作曲家たちによる新曲作品展vol.2～音の旅～,1,2015-11-14,雪国の作曲家たちによる新曲作品展vol.2～音の旅～,●雪国の作曲家たちによる新曲作品展vol.2～音の旅～2015年11月14日(土)ザ・ルーテルホール （札幌）南聡： 波はささやき１、波はささやき２ （世界初演）  秋山友貴： 不在のテクスト、あるいは文字の影より （世界初演）  阿部俊祐： the Vehicle （世界初演）  浦部雪： Particule3 （世界初演）  逢坂裕： 空想旅行記 （世界初演）  佐原詩音： 数の（・・？は∞～数学が楽しくなる12音） （世界初演）  佐原詩音： Sub Saharan Africa （世界初演）  助川舞： パズル・リング （世界初演）  助川舞： 車輪の止まる日まで （世界初演）  他,http://i-amabile.com/concert/concert151114_2
224,フィルハーモニア・エテルナ 創立20周年記念演奏会,1,2015-11-07,フィルハーモニア・エテルナ 創立20周年記念演奏会,●フィルハーモニア・エテルナ 創立20周年記念演奏会2015年11月7日(土)ミューザ川崎シンフォニーホール　十束 尚宏指揮十束 尚宏： 新作 （世界初演）  他,http://i-amabile.com/concert/phil-aeterna151107
226,黒門吹奏楽団 ,1,2015-09-26,黒門吹奏楽団 第3回定期演奏会,●黒門吹奏楽団 第3回定期演奏会2015年9月26日(土)文京シビックホール　大ホール　泉　翔士指揮ガーシュイン/東秋幸編曲： I got rhythm（クレイジー・フォー・ユーより） （世界初演）  シェーンベルク/小林夏衣編曲： On My Own（レ・ミゼラブルより） （世界初演）  フレデリック・ロウ/小林夏衣編曲： 踊り明かそう（マイ・フェア・レディより） （世界初演）  他,http://i-amabile.com/concert/kuromon_b3
1,オーケストラ《エクセルシス》 ,7,2015-09-22,オーケストラ《エクセルシス》 第6回演奏会,●オーケストラ《エクセルシス》 第6回演奏会2015年9月22日(火)杉並公会堂大ホール　大浦智弘指揮ロージャ・ミクローシュ： ヴィオラ協奏曲 （日本初演）  他,http://i-amabile.com/concert/orchestra_excelsis6
14,Orchestra Ensemble Free East ,3,2015-08-29,Orchestra Ensemble Free East 第4回演奏会,●Orchestra Ensemble Free East 第4回演奏会2015年8月29日(土)小金井 宮地楽器ホール大ホール(旧小金井市民交流センター)　浅野亮介指揮山本和智： Roaming liquid (2014) for shakuhachi and orchestra （世界初演）  他,http://i-amabile.com/concert/ensemblefree_east4
142,コロンビア人 ファゴット奏者のコンサート,1,2015-08-17,コロンビア人 ファゴット奏者のコンサート,●コロンビア人 ファゴット奏者のコンサート2015年8月17日(月)きゅりあん小ホール佐々木みほ： el puente （日本初演）  他,http://i-amabile.com/concert/concert150817
216,ヒューマンハーモニー・オーケストラ ,1,2015-08-16,ヒューマンハーモニー・オーケストラ 第1回演奏会,●ヒューマンハーモニー・オーケストラ 第1回演奏会2015年8月16日(日)川崎市麻生市民館大ホール　鈴木　敬指揮鈴木　敬： 自由の翼 （日本初演）  他,http://i-amabile.com/concert/hhofamily1
115,麻布学園OBオーケストラ 麻布学園創立120周年記念演奏会,1,2015-08-15,麻布学園OBオーケストラ 麻布学園創立120周年記念演奏会,●麻布学園OBオーケストラ 麻布学園創立120周年記念演奏会2015年8月15日(土)サントリーホール 大ホール　鈴木優人指揮黒田崇宏： Borrowed landscape （世界初演）  他,http://i-amabile.com/concert/azabu_ob150815
32,アルエム弦楽合奏団 ,2,2015-08-09,アルエム弦楽合奏団 第７回定期演奏会,●アルエム弦楽合奏団 第７回定期演奏会2015年8月9日(日)白寿ホール　堀越 隆一指揮チャイコフスキー／堀越隆一 編： ロココの主題による変奏曲 （世界初演）  他,http://i-amabile.com/concert/artaim7
36,エスプリマンドリンオーケストラ ,2,2015-08-02,エスプリマンドリンオーケストラ 第３回演奏会,●エスプリマンドリンオーケストラ 第３回演奏会2015年8月2日(日)四谷区民ホール　小松拓人指揮田口和行： 樹海嘯 （世界初演）  川上統： ヘリコプリオン （世界初演）  他,http://i-amabile.com/concert/esprit_mo3
76,釜石市にホールを建てよう～チャリティコンサート,1,2015-07-13,釜石市にホールを建てよう～チャリティコンサート,●釜石市にホールを建てよう～チャリティコンサート2015年7月13日(月)ルーテル市ヶ谷ホール小田百合子： メッセージ （世界初演）  他,http://i-amabile.com/concert/concert150713
166,アヴァンツァーレ交響楽団 ,1,2015-07-12,アヴァンツァーレ交響楽団 第1回定期演奏会,●アヴァンツァーレ交響楽団 第1回定期演奏会2015年7月12日(日)かつしかシンフォニーヒルズ　モーツァルトホール　佐久間 誠指揮加藤新平： 曲名未定 （世界初演）  他,http://i-amabile.com/concert/avanzareorch1
137,京都フィロムジカ管弦楽団 ,1,2015-06-28,京都フィロムジカ管弦楽団 第37回定期演奏会,●京都フィロムジカ管弦楽団 第37回定期演奏会2015年6月28日(日)京都府長岡京市記念文化会館・大ホール　池田俊指揮J.ラフ： 交響曲第2番 ハ長調 作品140 （日本初演）  J.スーク： 交響曲第1番 ホ長調 作品14 （日本初演）  他,http://i-amabile.com/concert/kyoto_philo37
19,オーケストラ・ソノーレ長野 ,2,2015-06-14,オーケストラ・ソノーレ長野 第29回定期演奏会,●オーケストラ・ソノーレ長野 第29回定期演奏会2015年6月14日(日)ホクト文化ホール（長野県県民文化会館）中ホール　工藤　俊幸指揮N.スカルコッタス： ６つのギリシャ舞曲（36のギリシャ舞曲　AK.11 より） （日本初演）  他,http://i-amabile.com/concert/sonorenagano29
120,サウンド・パティシエ オーケストラLIVE！ ～プロミュージシャンと合唱付若手フル・オーケストラとの夢の共演～,1,2015-05-15,サウンド・パティシエ オーケストラLIVE！ ～プロミュージシャンと合唱付若手フル・オーケストラとの夢の共演～,●サウンド・パティシエ オーケストラLIVE！ ～プロミュージシャンと合唱付若手フル・オーケストラとの夢の共演～2015年5月15日(金)かつしかシンフォニーヒルズ　モーツァルトホール　岩城直也指揮L.Harlineほか： ディズニー・メドレー （世界初演）  M.Legrandほか： ミュージカル映画音楽セレクション （世界初演）  岩城直也： オリジナルミュージカル「The Tale Teller's」メドレー （世界初演）  岩城直也： 〈新作〉 （世界初演）  他,http://i-amabile.com/concert/concert150515
12,ウィンドアンサンブル エッフェ ,3,2015-05-03,ウィンドアンサンブル エッフェ 第6回定期演奏会,●ウィンドアンサンブル エッフェ 第6回定期演奏会2015年5月3日(日)杉並公会堂 大ホール　大石三郎(当団代表、常任指揮者)指揮岩田学： Fantasia II （吹奏楽版初演） （世界初演）  他,http://i-amabile.com/concert/we_f6
50,東京ユヴェントス・フィルハーモニー ,1,2015-04-26,東京ユヴェントス・フィルハーモニー 第9回定期演奏会,●東京ユヴェントス・フィルハーモニー 第9回定期演奏会2015年4月26日(日)第一生命ホール　坂入 健司郎指揮ウルマス・シサスク： 左手のためのピアノ協奏曲『Quasar～宇宙の灯台～』 （世界初演）  他,http://i-amabile.com/concert/keio_youth9
0,オーケストラ・ナデージダ ,11,2015-04-11,オーケストラ・ナデージダ 第12回演奏会,●オーケストラ・ナデージダ 第12回演奏会2015年4月11日(土)狛江エコルマホール　渡辺 新指揮ダルゴムイシスキー： 歌劇「ルサルカ」より 婚礼の場面の導入、スラヴの踊り、ジプシーの踊り （日本初演）  ミャスコフスキー： 交響曲第25番 変ニ長調 （日本初演）  ハルヴォルセン： 交響曲第1番 ハ短調 （日本初演）  他,http://i-amabile.com/concert/nadezhda12
90,ウィンドファクトリー 創団20周年記念 ,1,2015-04-05,ウィンドファクトリー 創団20周年記念 第20回演奏会,●ウィンドファクトリー 創団20周年記念 第20回演奏会2015年4月5日(日)タワーホール船堀 大ホール三澤慶： FUNKTORY!! （Windfactory20周年記念委嘱作品） （世界初演）  他,http://i-amabile.com/concert/windfactory20
264,オーボエ・ホルン・ピアノによるスプリング＊コンサート,1,2015-03-22,オーボエ・ホルン・ピアノによるスプリング＊コンサート,●オーボエ・ホルン・ピアノによるスプリング＊コンサート2015年3月22日(日)Symphony Salon(地下鉄門前仲町駅より徒歩3分)近藤圭編曲： 「ジブリのメドレー」 （日本初演）  他,http://i-amabile.com/concert/no_name150322
118,Libertybrll Orchestra リバティベルオーケストラ ,1,2015-03-15,Libertybrll Orchestra リバティベルオーケストラ 第10回定期演奏会,●Libertybrll Orchestra リバティベルオーケストラ 第10回定期演奏会2015年3月15日(日)所沢市民文化センター ミューズ アークホール　和田一樹指揮和田一樹： 祝典序曲「Libertybell」 （世界初演）  他,http://i-amabile.com/concert/libertybell10
101,平成26年度群馬大学音楽専攻卒業生 平成26年度群馬大学音楽専攻卒業演奏会,1,2015-03-07,平成26年度群馬大学音楽専攻卒業生 平成26年度群馬大学音楽専攻卒業演奏会,●平成26年度群馬大学音楽専攻卒業生 平成26年度群馬大学音楽専攻卒業演奏会2015年3月7日(土)前橋市民文化会館小ホール小川唯佳(作品発表)： 金管八重奏のための組曲 （世界初演）  他,http://i-amabile.com/concert/gundaiongaku23_150307
14,Orchestra Ensemble Free East ,3,2015-03-07,Orchestra Ensemble Free East 第3回定期演奏会,●Orchestra Ensemble Free East 第3回定期演奏会2015年3月7日(土)小平市民文化会館 ルネこだいら 大ホール　浅野 亮介指揮助川舞： 溟渤を織る星の糸 （世界初演）  他,http://i-amabile.com/concert/ensemblefree_east3
140,ヴォクスマーナ ,1,2015-03-01,ヴォクスマーナ 第32回定期演奏会,●ヴォクスマーナ 第32回定期演奏会2015年3月1日(日)東京文化会館 小ホール　西川竜太指揮原田敬子： 「Structured Improvisations ⅩⅤ -a～c」　for vocal ensemble ＆conductor （世界初演）  大熊夏織： 空を泳ぐ （世界初演）  森田泰之進： あねさんろっく・リア充 （世界初演）  他,http://i-amabile.com/concert/vox_humana32
171,合唱指揮者 西川竜太 ,1,2015-02-15,合唱指揮者 西川竜太 第21回朝日現代音楽賞受賞記念演奏会,●合唱指揮者 西川竜太 第21回朝日現代音楽賞受賞記念演奏会2015年2月15日(日)浜離宮朝日ホール　西川竜太指揮福士則夫： 霧とカムイ （世界初演）  横島 浩： 昼顔 （世界初演）  松平頼暁： A person has let the ”Kelly” out of the bottle （世界初演）  湯浅譲二： プロジェクション ー混声のための （世界初演）  他,http://i-amabile.com/concert/ryutanishikawa150215
138,百留敬雄 現代ヴァイオリン・ソロの音楽,1,2015-02-06,百留敬雄 現代ヴァイオリン・ソロの音楽,●百留敬雄 現代ヴァイオリン・ソロの音楽2015年2月6日(金)横浜美術館レクチャーホール大原 裕子： Birefringence (2014) （日本初演）  他,http://i-amabile.com/concert/hyakutome150206
65,女声合唱団 暁 ,1,2014-12-23,女声合唱団 暁 第7回演奏会,●女声合唱団 暁 第7回演奏会2014年12月23日(火)JTアートホールアフィニス　西川竜太指揮田中吉史： 「Parentese」for 9 female voices （世界初演）  岸野末利加： 「Dialogue Invisible」for 9 female voices （日本初演）  他,http://i-amabile.com/concert/chorakatsuki7
100,弘前大学フィルハーモニー管弦楽団 ,1,2014-11-15,弘前大学フィルハーモニー管弦楽団 第45回定期演奏会,●弘前大学フィルハーモニー管弦楽団 第45回定期演奏会2014年11月15日(土)弘前市民会館　安達弘潮指揮安達弘潮： 管弦楽のための交響的スケッチ「白神」 （世界初演）  他,http://i-amabile.com/concert/hirodai_phil45
253,JWFCフィルムハーモニック管弦楽団 ジョン・ウィリアムズ・フィルム・スペクタキュラー2014　ジョン・ウィリアムズの世界,1,2014-11-15,JWFCフィルムハーモニック管弦楽団 ジョン・ウィリアムズ・フィルム・スペクタキュラー2014　ジョン・ウィリアムズの世界,●JWFCフィルムハーモニック管弦楽団 ジョン・ウィリアムズ・フィルム・スペクタキュラー2014　ジョン・ウィリアムズの世界2014年11月15日(土)練馬文化センター　上山達典指揮ジョン・ウィリアムズ： 屋根の上のヴァイオリン弾き （日本初演）  ジョン・ウィリアムズ： ジェーン・エア （日本初演）  ジョン・ウィリアムズ： A.I. （日本初演）  他,http://i-amabile.com/concert/orchestrafilmharmonic141115
3,東京理科大学管弦楽団 ,5,2014-11-02,東京理科大学管弦楽団 第55回定期演奏会,●東京理科大学管弦楽団 第55回定期演奏会2014年11月2日(日)北とぴあ さくらホール　川合 良一指揮ゲーゼ： スコットランド序曲「高地にて」 （日本初演）  他,http://i-amabile.com/concert/tus-orche55
7,フィルハーモニア・エテルナ ,4,2014-10-26,フィルハーモニア・エテルナ 第20回定期演奏会,●フィルハーモニア・エテルナ 第20回定期演奏会2014年10月26日(日)すみだトリフォニーホール（大ホール）　十束尚宏指揮十束尚宏： Apokalypse（アポカリュプセ） （世界初演）  他,http://i-amabile.com/concert/phil-aeterna20
2,Musica Promenade ,5,2014-10-25,Musica Promenade 第35回千代田区オーケストラフェスティバル,●Musica Promenade 第35回千代田区オーケストラフェスティバル2014年10月25日(土)日経ホール　瓦田尚指揮田附奏： 郷愁歌 （世界初演）  他,http://i-amabile.com/concert/musica_promenade35chodafestival
122,L.v.B.室内管弦楽団 ,1,2014-10-19,L.v.B.室内管弦楽団 第32回演奏会,●L.v.B.室内管弦楽団 第32回演奏会2014年10月19日(日)トッパンホール　苫米地　英一指揮苫米地　英一： 尺八と管弦楽のための３つの連画 （世界初演）  他,http://i-amabile.com/concert/lvb_co32
70,現代音楽ユニットSendOpus 1st Concert　”濃厚”,1,2014-10-18,現代音楽ユニットSendOpus 1st Concert　”濃厚”,●現代音楽ユニットSendOpus 1st Concert　”濃厚”2014年10月18日(土)トントレフ・ヒコアペルギス： 印刷の音楽 （日本初演）  植田彰： SendOpus委嘱新作 （世界初演）  土井智恵子： SendOpus委嘱新作 （世界初演）  他,http://i-amabile.com/concert/sendopus1osaka
143,現代音楽ユニットSendOpus 1st Concert ”濃厚”,1,2014-10-04,現代音楽ユニットSendOpus 1st Concert ”濃厚”,●現代音楽ユニットSendOpus 1st Concert ”濃厚”2014年10月4日(土)ASPIAアスピアホールアペルギス： 印刷の音楽 （日本初演）  植田彰： SendOpus委嘱新作 （世界初演）  土井智恵子： SendOpus委嘱新作 （世界初演）  他,http://i-amabile.com/concert/sendopus1
30,アンサンブル・オルフェーオ ,2,2014-09-28,アンサンブル・オルフェーオ 第6回定期演奏会,●アンサンブル・オルフェーオ 第6回定期演奏会2014年9月28日(日)大田区民プラザ小ホール　中川貴美子指揮岩本正樹： EO Suite No.2 B dur （世界初演）  他,http://i-amabile.com/concert/e_orfeo6
1,オーケストラ《エクセルシス》 ,7,2014-09-23,オーケストラ《エクセルシス》 第5回演奏会,●オーケストラ《エクセルシス》 第5回演奏会2014年9月23日(火)杉並公会堂　大浦智弘指揮デュボワ： アドニス - 3部からなる交響詩 （日本初演）  ゴーベール： 海の歌 - 3つの交響的絵画 （日本初演）  他,http://i-amabile.com/concert/orchestra_excelsis5
0,オーケストラ・ナデージダ ,11,2014-09-14,オーケストラ・ナデージダ 第11回演奏会,●オーケストラ・ナデージダ 第11回演奏会2014年9月14日(日)狛江エコルマホール　渡辺 新指揮アッテルベリ： ヴァイオリンとチェロのための二重協奏曲 作品57 （日本初演）  他,http://i-amabile.com/concert/nadezhda11
36,エスプリマンドリンオーケストラ ,2,2014-08-17,エスプリマンドリンオーケストラ 第2回演奏会,●エスプリマンドリンオーケストラ 第2回演奏会2014年8月17日(日)江東区ティアラこうとう大ホール　碇山隆一郎(東京音楽大学指揮科卒)指揮橋爪皓佐： textile （世界初演）  他,http://i-amabile.com/concert/esprit_mo2
152,麻布学園管弦楽部OBオーケストラ 演奏会,1,2014-08-10,麻布学園管弦楽部OBオーケストラ 演奏会,●麻布学園管弦楽部OBオーケストラ 演奏会2014年8月10日(日)練馬文化センター　大ホール　鈴木 優人指揮黒田 崇宏： Multi Processing II （世界初演）  他,http://i-amabile.com/concert/azabu_ob2014
51,海神交響楽団 ,1,2014-07-21,海神交響楽団 第１回演奏会,●海神交響楽団 第１回演奏会2014年7月21日(月)船橋市民文化ホール　松川智哉指揮チャイコフスキー： 交響曲第２番ハ短調「小ロシア」Op.17（1872年原典版） （日本初演）  他,http://i-amabile.com/concert/poseidon1
250,スペイン墓の魚・室内管弦楽団 ファドと宗教幻想と教会音楽,1,2014-07-05,スペイン墓の魚・室内管弦楽団 ファドと宗教幻想と教会音楽,●スペイン墓の魚・室内管弦楽団 ファドと宗教幻想と教会音楽2014年7月5日(土)松本記念音楽迎賓館　黒実　音子指揮黒実　音子： 第2番　人であるならば迷って生きよ　 ～トランペットとピアノの為のカンタータ～ （世界初演）  他,http://i-amabile.com/concert/tumba140705
42,宝塚市交響楽団 ,2,2014-06-22,宝塚市交響楽団 第55回定期演奏会,●宝塚市交響楽団 第55回定期演奏会2014年6月22日(日)兵庫県立芸術文化センター　KOBELCO大ホール　シズオ・Z・クワハラ指揮ジョン・ヘネケン： 皆その時にかなって美しい （世界初演）  他,http://i-amabile.com/concert/zukakyo55
41,渋谷幕張高校吹奏楽部 ,2,2014-06-22,渋谷幕張高校吹奏楽部 第30回定期演奏会,●渋谷幕張高校吹奏楽部 第30回定期演奏会2014年6月22日(日)渋谷幕張高校　田村記念講堂（編）鹿口誠： 渋幕オリジナル「J-POPメドレー！」 （世界初演）  他,http://i-amabile.com/concert/shibumaku_wo30
239,セルビア大洪水復興支援のためのチャリティーコンサート実行委員会 A.ブラティッチ＆福田里香　フルートとピアノによるコンサート,1,2014-05-27,セルビア大洪水復興支援のためのチャリティーコンサート実行委員会 A.ブラティッチ＆福田里香　フルートとピアノによるコンサート,●セルビア大洪水復興支援のためのチャリティーコンサート実行委員会 A.ブラティッチ＆福田里香　フルートとピアノによるコンサート2014年5月27日(火)ミュージックサロンエスプリ（渋谷区南平台町南平台町17-6-3階)ボーヤン・ムラデーノヴィッチ： タンゴ （日本初演）  他,http://i-amabile.com/concert/charity_for_serbia140527
15,慶應義塾ユースオーケストラ ,3,2014-05-24,慶應義塾ユースオーケストラ 第7回演奏会,●慶應義塾ユースオーケストラ 第7回演奏会2014年5月24日(土)府中の森芸術劇場 ウィーンホール　坂入 健司郎指揮セヴラック： 3つの歌曲～『ふくろう』、『小さな馬の歌』、『夢』(管弦楽伴奏版) （日本初演）  エスカンデ： 左手のためのピアノ協奏曲『アンティポダス』 （日本初演）  他,http://i-amabile.com/concert/keio_youth7
57,シンフォニックファンファーレ東京 ,1,2014-05-17,シンフォニックファンファーレ東京 第１回定期演奏会,●シンフォニックファンファーレ東京 第１回定期演奏会2014年5月17日(土)国立オリンピック記念青少年総合センター　小ホール　伊藤慶亮指揮P.I.チャイコフスキー： 弦楽セレナーデ　ハ長調　作品48より 第１楽章 （世界初演）  A.ボロディン： 歌劇「イーゴリ公」より　 ダッタン人の踊り （世界初演）  他,http://i-amabile.com/concert/fanfaretokyo1
209,多摩かたつむりの会 ,1,2014-05-11,多摩かたつむりの会 第10回定期演奏会,●多摩かたつむりの会 第10回定期演奏会2014年5月11日(日)府中の森芸術劇場ウィーンホール　中村 匠指揮K.ターナー： シーズンズ （世界初演）  他,http://i-amabile.com/concert/tsumuri10
2,Musica Promenade ,5,2014-05-06,Musica Promenade 第11回演奏会,●Musica Promenade 第11回演奏会2014年5月6日(火)小金井市民交流センター大ホール　瓦田尚指揮田附奏： 郷愁歌 （世界初演）  他,http://i-amabile.com/concert/musica_promenade11
12,ウィンドアンサンブル エッフェ ,3,2014-05-03,ウィンドアンサンブル エッフェ 第５回定期演奏会,●ウィンドアンサンブル エッフェ 第５回定期演奏会2014年5月3日(土)杉並公会堂　大ホール　大石　三郎（当団代表・常任指揮者）指揮岩田 学： Wake up （世界初演）  他,http://i-amabile.com/concert/we_f5
0,オーケストラ・ナデージダ ,11,2014-04-19,オーケストラ・ナデージダ 第10回演奏会,●オーケストラ・ナデージダ 第10回演奏会2014年4月19日(土)狛江エコルマホール　渡辺新指揮オスカル・リンドベリ： 3つのダーラナの絵画 （日本初演）  リャプノフ： 交響曲第1番 （日本初演）  他,http://i-amabile.com/concert/nadezhda10
189,オロル弦楽合奏団 ,1,2014-04-13,オロル弦楽合奏団 第1回定期演奏会,●オロル弦楽合奏団 第1回定期演奏会2014年4月13日(日)ルネ小平 中ﾎｰﾙサラサーテ： ナヴァラ(VnDuo＋弦合奏版) （世界初演）  他,http://i-amabile.com/concert/aurora_se1
147,piaNA（佐久間あすか・西本夏生） 一般社団法人全日本ピアノ指導者協会ＰＴＮＡ（ピティナ）公開録音コンサート,1,2014-04-07,piaNA（佐久間あすか・西本夏生） 一般社団法人全日本ピアノ指導者協会ＰＴＮＡ（ピティナ）公開録音コンサート,●piaNA（佐久間あすか・西本夏生） 一般社団法人全日本ピアノ指導者協会ＰＴＮＡ（ピティナ）公開録音コンサート2014年4月7日(月)東音ホール;〒170-8458　東京都豊島区巣鴨1-15-1 ２階に「ルノアール」の入っている宮田ビルの３階カプースチン： カプリッチョ ～連弾のための op.146 （piaNAに捧ぐ） （日本初演）  カプースチン： Three for Two　 ～２台ピアノのための３部作 op.145（piaNAに捧ぐ） （日本初演）  他,http://i-amabile.com/concert/piana_ptna_recordingconcert2014
257,piaNA（佐久間あすか・西本夏生） 一般社団法人日本ピアノ調律師協会北海道支部４月４日はピアノ調律の日”記念コンサート,1,2014-04-04,piaNA（佐久間あすか・西本夏生） 一般社団法人日本ピアノ調律師協会北海道支部４月４日はピアノ調律の日”記念コンサート,●piaNA（佐久間あすか・西本夏生） 一般社団法人日本ピアノ調律師協会北海道支部４月４日はピアノ調律の日”記念コンサート2014年4月4日(金)札幌サンプラザコンサートホール（札幌市北区北24西5 Tel. 011-758-3121）カプースチン： カプリッチョ ～連弾のための op.146 (piaNAに捧ぐ) （日本初演）  カプースチン： Three for Two 　～２台ピアノのための３部作 op.145 (piaNAに捧ぐ) （日本初演）  他,http://i-amabile.com/concert/piana_piano_tuning_day_concert2014
99,JeanSymphonyOrchetra 【初演企画】,1,2014-03-22,JeanSymphonyOrchetra 【初演企画】第三回演奏会,●JeanSymphonyOrchetra 【初演企画】第三回演奏会2014年3月22日(土)灘区民センター マリーホール　山内裕太、静間佳佑指揮大森愛弓： 七夕-TANABATA （世界初演）  他,http://i-amabile.com/concert/jeansymphonyorchestr3
207,Oblivion(オブリビオン) ,1,2014-03-09,Oblivion(オブリビオン) 第1回演奏会,●Oblivion(オブリビオン) 第1回演奏会2014年3月9日(日)横須賀ショッパーズプラザ2Fステージ渡邊達徳(編曲)： 花は咲く （世界初演）  他,http://i-amabile.com/concert/oblivion1
127,千葉大学管弦楽団 2013年度卒団演奏会,1,2014-03-01,千葉大学管弦楽団 2013年度卒団演奏会,●千葉大学管弦楽団 2013年度卒団演奏会2014年3月1日(土)千葉市美浜文化ホール　高野義博 他指揮仲村登志樹： トランペット協奏曲 （世界初演）  他,http://i-amabile.com/concert/chiba_univ_orchestra2013graduate
91,アンサンブル・ディマンシュ ,1,2014-02-09,アンサンブル・ディマンシュ 第７４回演奏会,●アンサンブル・ディマンシュ 第７４回演奏会2014年2月9日(日)府中の森芸術劇場ウィーンホール　山本誠一郎指揮ファランク： 交響曲第３番ト短調 （日本初演）  他,http://i-amabile.com/concert/e_dimanche74
102,トロンボーン・アンサンブル TROMBONANZA ,1,2014-01-12,トロンボーン・アンサンブル TROMBONANZA 第34回定期演奏会,●トロンボーン・アンサンブル TROMBONANZA 第34回定期演奏会2014年1月12日(日)横浜みなとみらいホール 小ホール　山田裕治指揮レスピーギ： 「ローマの祭」全曲（編曲） （世界初演）  他,http://i-amabile.com/concert/trombonanza34
71,横浜市立桜丘高等学校吹奏楽部 創部５０周年記念演奏会,1,2013-12-27,横浜市立桜丘高等学校吹奏楽部 創部５０周年記念演奏会,●横浜市立桜丘高等学校吹奏楽部 創部５０周年記念演奏会2013年12月27日(金)横浜みなとみらいホール　大ホール　小澤哲朗、林裕人、屋比久勲指揮真島俊夫： 創部５０周年記念委嘱作品 （世界初演）  他,http://i-amabile.com/concert/sakuragaoka_brass50aniv
58,Liberte (リベルテマンドリンオーケストラ) The 10th concert,1,2013-12-08,Liberte (リベルテマンドリンオーケストラ) The 10th concert,●Liberte (リベルテマンドリンオーケストラ) The 10th concert2013年12月8日(日)第一生命ホール　鷹羽　弘晃指揮壺井　一歩： マンドリンの為のソネット 第6番 （世界初演）  権代　敦彦： 委嘱初演 （世界初演）  他,http://i-amabile.com/concert/liberte_mandolin10
302,岡山大学交響楽団 ,1,2013-11-25,岡山大学交響楽団 第60回記念定期演奏会（大阪公演）,●岡山大学交響楽団 第60回記念定期演奏会（大阪公演）2013年11月25日(月)ザ・シンフォニーホール　保科 洋、秋山 隆指揮保科 洋： 復興《管弦楽版》 （世界初演）  他,http://i-amabile.com/concert/okadaioke60osaka
9,ユニコーン・シンフォニー・オーケストラ ,4,2013-11-16,ユニコーン・シンフォニー・オーケストラ 第4回定期演奏会,"●ユニコーン・シンフォニー・オーケストラ 第4回定期演奏会2013年11月16日(土)第一生命ホール　藤岡 幸夫指揮鈴木桂太郎： 交響曲第2番『Hello, World』Op.18 （世界初演）  他",http://i-amabile.com/concert/unicorn_orch4
42,宝塚市交響楽団 ,2,2013-10-27,宝塚市交響楽団 第54回定期演奏会,●宝塚市交響楽団 第54回定期演奏会2013年10月27日(日)兵庫県立芸術文化センター　KOBELCO大ホール　十束尚宏指揮十束尚宏： 序曲（2009） （世界初演）  他,http://i-amabile.com/concert/zukakyo54
17,アモルファス合奏団 ,3,2013-10-13,アモルファス合奏団 第32回定期演奏会,●アモルファス合奏団 第32回定期演奏会2013年10月13日(日)東京オペラシティ　リサイタルホール　横山俊充指揮水野修孝： 弦楽合奏のための「夜の歌」 （世界初演）  他,http://i-amabile.com/concert/amorphous32
1,オーケストラ《エクセルシス》 ,7,2013-09-23,オーケストラ《エクセルシス》 第4回演奏会-バルト三国プログラム,●オーケストラ《エクセルシス》 第4回演奏会-バルト三国プログラム2013年9月23日(月)杉並公会堂大ホール　大浦智弘指揮ドヴァリョーナス（リトアニア）： ヴァイオリン協奏曲 ロ短調 （日本初演）  イヴァノフス（ラトビア）： 交響曲第3番 ヘ短調 （日本初演）  他,http://i-amabile.com/concert/orchestra_excelsis4
197,アモルファス合奏団 鎌倉特別演奏会,1,2013-09-22,アモルファス合奏団 鎌倉特別演奏会,●アモルファス合奏団 鎌倉特別演奏会2013年9月22日(日)鎌倉芸術館　横山俊充指揮水野修孝： 弦楽合奏のための「夜の歌」 （世界初演）  他,http://i-amabile.com/concert/amorphous2013kamakura
18,アリエッタ交響楽団 ,2,2013-09-07,アリエッタ交響楽団 第2回定期演奏会,●アリエッタ交響楽団 第2回定期演奏会2013年9月7日(土)滝野川会館 大ホール(JR駒込駅)　大市泰範指揮渡邊達徳： アメリカの思い出変奏曲(無伴奏) （世界初演）  他,http://i-amabile.com/concert/arietta2
73,船橋たちばな管弦楽団 ,1,2013-08-31,船橋たちばな管弦楽団 第7回定期演奏会,●船橋たちばな管弦楽団 第7回定期演奏会2013年8月31日(土)習志野文化ホール　井田勝大指揮グラズノフ： ピアノ協奏曲第2番 ロ長調 作品100 （日本初演）  他,http://i-amabile.com/concert/tachikan7
15,慶應義塾ユースオーケストラ ,3,2013-08-11,慶應義塾ユースオーケストラ 第5回演奏会,●慶應義塾ユースオーケストラ 第5回演奏会2013年8月11日(日)かつしかシンフォニーヒルズ モーツァルトホール　坂入 健司郎指揮ヴァレリ・キクタ： ハープと管弦楽のための協奏交響曲「キエフ聖ソフィア大聖堂のフレスコ画」 （日本初演）  他,http://i-amabile.com/concert/keio_youth5
183,エスプリマンドリンオーケストラ 1st concert,1,2013-08-11,エスプリマンドリンオーケストラ 1st concert,●エスプリマンドリンオーケストラ 1st concert2013年8月11日(日)江東区ティアラこうとう大ホール　碇山 隆一郎指揮桑原ゆう： 未定 （世界初演）  他,http://i-amabile.com/concert/esprit_mo1
129,三田ユース・ハーモニー サマーコンサート　～ウズベキスタンの夕べ～,1,2013-08-04,三田ユース・ハーモニー サマーコンサート　～ウズベキスタンの夕べ～,●三田ユース・ハーモニー サマーコンサート　～ウズベキスタンの夕べ～2013年8月4日(日)兵庫県三田市総合文化センター郷の音ホール（小ホール）　河村信宏指揮M.リヴィエフ： 円舞曲「オク・ロララー」 （日本初演）  M.アシュラフィ： 管弦楽のための無言歌 （日本初演）  D.ザキーロフ： 抒情的交響詩 （日本初演）  他,http://i-amabile.com/concert/sanda_yh2013summer
67,立教大学マンドリンクラブ 江戸川公演,1,2013-08-03,立教大学マンドリンクラブ 江戸川公演,●立教大学マンドリンクラブ 江戸川公演2013年8月3日(土)江戸川区総合文化センター 大ホール　Matumoto Hiroki、Aoki Marie指揮武藤理恵 編曲： ファンタジーメドレー（ハリーポッター、ジブリ、ディズニーなど） （世界初演）  他,http://i-amabile.com/concert/rikkyo_mandolin2013edogawa
285,静岡附属中吹奏楽部 ,1,2013-07-27,静岡附属中吹奏楽部 第三回定期演奏会,●静岡附属中吹奏楽部 第三回定期演奏会2013年7月27日(土)静岡音楽館AOI團伊玖磨： 静岡大学教育学部附属静岡中学校歌 （世界初演）  他,http://i-amabile.com/concert/shizufu_brass3
23,北海道大学交響楽団 ,2,2013-06-29,北海道大学交響楽団 第１25回定期演奏会,●北海道大学交響楽団 第１25回定期演奏会2013年6月29日(土)札幌コンサートホールkitara　川越 守指揮川越 守： 弦楽器群とティンパニの為の一章「春を待つ」 （世界初演）  他,http://i-amabile.com/concert/hokudai_orch125
105,日本交響楽団  設立記念公演 ,1,2013-06-09,日本交響楽団  設立記念公演 第1回定期演奏会,●日本交響楽団  設立記念公演 第1回定期演奏会2013年6月9日(日)小山市立文化センター 大ホール　高山 健児（読売日本交響楽団コントラバス奏者）指揮矢内 弘子： ファンファーレ (委託初演) （世界初演）  他,http://i-amabile.com/concert/nipponsymphony1
215,Presto Mandolin Orchestra プレストマンドリンオーケストラ,1,2013-06-09,Presto Mandolin Orchestra プレストマンドリンオーケストラ第２０回記念演奏会,●Presto Mandolin Orchestra プレストマンドリンオーケストラ第２０回記念演奏会2013年6月9日(日)小金井市民交流センター　大ホール　佐藤範幸、長澤鉄平指揮村松健太郎： マンドリン組曲「プレスト2013」 （日本初演）  他,http://i-amabile.com/concert/presto_mo20
160,オーケストラ・ムジマ ,1,2013-05-26,オーケストラ・ムジマ 第11回コンサート,●オーケストラ・ムジマ 第11回コンサート2013年5月26日(日)府中の森芸術劇場　諸岡範澄指揮成清 翠： Mzima de Musica （世界初演）  他,http://i-amabile.com/concert/mzima11
2,Musica Promenade ,5,2013-05-04,Musica Promenade 第９回演奏会,●Musica Promenade 第９回演奏会2013年5月4日(土)小金井市民交流センター大ホール　瓦田尚指揮館山幸子： モモ （世界初演）  他,http://i-amabile.com/concert/musica_promenade9
62,堀越隆一・みちこ　個展・リサイタル2013,1,2013-04-29,堀越隆一・みちこ　個展・リサイタル2013,●堀越隆一・みちこ　個展・リサイタル20132013年4月29日(月)東京オペラシティリサイタルホール　堀越隆一指揮堀越隆一： 四つの間奏曲 （世界初演）  堀越隆一： ヴィオラ・ソナタ （世界初演）  他,http://i-amabile.com/concert/horikoshiryuichi2013
305,メセナジュニアオーケストラ  ,1,2013-03-30,メセナジュニアオーケストラ  第8回定期演奏会,●メセナジュニアオーケストラ  第8回定期演奏会2013年3月30日(土)不明　中村 勝指揮他,http://i-amabile.com/concert/mesenajroche8
0,オーケストラ・ナデージダ ,11,2013-02-09,オーケストラ・ナデージダ 第9回演奏会,●オーケストラ・ナデージダ 第9回演奏会2013年2月9日(土)練馬文化センター   大ホール　渡辺新指揮ガルータ： ピアノ協奏曲 （日本初演）  ラーション： 交響曲第2番 （日本初演）  他,http://i-amabile.com/concert/nadezhda9
263,ケツバット・キネン・オーケストラ ,1,2013-01-26,ケツバット・キネン・オーケストラ 第3回「不」定期演奏会～3D（仮称）～,●ケツバット・キネン・オーケストラ 第3回「不」定期演奏会～3D（仮称）～2013年1月26日(土)渋谷区文化総合センター大和田　さくらホール　市原雄亮指揮モーツァルト＆チャイコフスキー： フィガロフスキーの結婚 （世界初演）  他,http://i-amabile.com/concert/k2orch3
15,慶應義塾ユースオーケストラ ,3,2013-01-05,慶應義塾ユースオーケストラ 第４回定期演奏会,●慶應義塾ユースオーケストラ 第４回定期演奏会2013年1月5日(土)杉並公会堂大ホール　坂入健司郎指揮近谷直之： ある美意識 （世界初演）  他,http://i-amabile.com/concert/keio_youth4
156,八王子シティオーケストラ 2012年クリスマスコンサート,1,2012-12-24,八王子シティオーケストラ 2012年クリスマスコンサート,●八王子シティオーケストラ 2012年クリスマスコンサート2012年12月24日(月)オリンパスホール八王子（八王子市民会館）　長永 圭庫指揮唱歌メドレー／山岡憲三編曲： 日本の四季「春から春へ」 （世界初演）  他,http://i-amabile.com/concert/hachioji_city_orch_xmas2012
126,東京経済大学管弦楽団  ,1,2012-12-15,東京経済大学管弦楽団  第54回定期演奏会,●東京経済大学管弦楽団  第54回定期演奏会2012年12月15日(土)所沢市民文化センター野崎美波： Rainbow （世界初演）  他,http://i-amabile.com/concert/tku_kangen54
180,アンサンブルブリランテ 渡邊達徳ヴァイオリンリサイタル,1,2012-12-15,アンサンブルブリランテ 渡邊達徳ヴァイオリンリサイタル,●アンサンブルブリランテ 渡邊達徳ヴァイオリンリサイタル2012年12月15日(土)逸見コミュニティーセンター渡邊達徳： 春の訪れ （世界初演）  渡邊達徳： 大切なもの （世界初演）  他,http://i-amabile.com/concert/e_brillante_watanabe2012
280,渡邊達徳 クリスマスヴァイオリンリサイタル,1,2012-12-15,渡邊達徳 クリスマスヴァイオリンリサイタル,●渡邊達徳 クリスマスヴァイオリンリサイタル2012年12月15日(土)逸見コミュニティーセンター渡邊達徳： 春の訪れ （世界初演）  他,http://i-amabile.com/concert/watanabe2012xmas
272,東京佼成ウインドオーケストラ  ,1,2012-12-01,東京佼成ウインドオーケストラ  第113回定期演奏会,●東京佼成ウインドオーケストラ  第113回定期演奏会2012年12月1日(土)東京オペラシティコンサートホール　タケミツメモリアル　飯森範親指揮佐村河内守： 祈り　※東京佼成ウインドオーケストラ委嘱作品 （世界初演）  他,http://i-amabile.com/concert/tokyo_kosei_wo113
298,東京アカデミーオーケストラ ,1,2012-11-18,東京アカデミーオーケストラ 第４２回定期演奏会,●東京アカデミーオーケストラ 第４２回定期演奏会2012年11月18日(日)ﾌｨﾘｱﾎｰﾙ中田恒夫（当団団員）： Path to The Ray （世界初演）  他,http://i-amabile.com/concert/tao42
23,北海道大学交響楽団 ,2,2012-10-28,北海道大学交響楽団 第124回定期演奏会,●北海道大学交響楽団 第124回定期演奏会2012年10月28日(日)札幌コンサートホール Kitara大ホール　川越守指揮川越守： ひゞき2012年秋 （世界初演）  他,http://i-amabile.com/concert/hokudai_orch124
286,中野区民交響楽団 ,1,2012-10-27,中野区民交響楽団 第５３回定期演奏会,●中野区民交響楽団 第５３回定期演奏会2012年10月27日(土)めぐろパーシモンホール　大ホール　高橋　勇太指揮壺井　一歩： 「アカシアの庭」（委嘱作品） （世界初演）  他,http://i-amabile.com/concert/nakanokumin-so53
26,オーケストラ・ディマンシュ ,2,2012-09-09,オーケストラ・ディマンシュ 第35回演奏会,●オーケストラ・ディマンシュ 第35回演奏会2012年9月9日(日)すみだトリフォニーホール　大ホール　金山 隆夫指揮ジョン・ウィリアムズ： 映画《戦火の馬》より （日本初演）  他,http://i-amabile.com/concert/o-dimanche35
9,ユニコーン・シンフォニー・オーケストラ ,4,2012-08-19,ユニコーン・シンフォニー・オーケストラ 第3回定期演奏会,●ユニコーン・シンフォニー・オーケストラ 第3回定期演奏会2012年8月19日(日)杉並公会堂 大ホール　藤岡 幸夫指揮鈴木桂太郎： 交響詩『エイス・デイ』Op.17 （世界初演）  他,http://i-amabile.com/concert/unicorn_orch3
217,慶應義塾ユースオーケストラ  ,1,2012-08-05,慶應義塾ユースオーケストラ  第３回演奏会,●慶應義塾ユースオーケストラ  第３回演奏会2012年8月5日(日)藤原洋記念ホール　坂入 健司郎指揮シベリウス： 『カッサシオン』(初稿版) （日本初演）  他,http://i-amabile.com/concert/keio_youth3
93,音名オーケストラ ,1,2012-06-16,音名オーケストラ 第4回演奏会,●音名オーケストラ 第4回演奏会2012年6月16日(土)麻布区民センター・ホール　榊原 徹指揮三木稔： Spring for Strings （日本初演）  他,http://i-amabile.com/concert/otonaoke4
53,ヨコハマウィンドシンフォニー 横浜開港祭チャリティー吹奏楽コンサート　ザブラスクルーズ2012,1,2012-06-03,ヨコハマウィンドシンフォニー 横浜開港祭チャリティー吹奏楽コンサート　ザブラスクルーズ2012,●ヨコハマウィンドシンフォニー 横浜開港祭チャリティー吹奏楽コンサート　ザブラスクルーズ20122012年6月3日(日)横浜みなとみらいホール 大ホール　三澤 慶指揮南 能衛／編曲：三澤 慶： 「横浜市歌」TYWS2012年度Ver. （世界初演）  他,http://i-amabile.com/concert/tyws2012
61,音の杜 あおば ,1,2012-05-06,音の杜 あおば 第7回　杜のコンサート,●音の杜 あおば 第7回　杜のコンサート2012年5月6日(日)神奈川県民ホール　小ホール　梅都優子指揮吉田和弘： 弦楽で語る「愛についての物語」(初演) （世界初演）  他,http://i-amabile.com/concert/otonomoriaoba7
248,弘友会オーケストラ 『MORIYA HIROSHI WORLD』  ～守谷弘の世界～,1,2012-05-05,弘友会オーケストラ 『MORIYA HIROSHI WORLD』  ～守谷弘の世界～,●弘友会オーケストラ 『MORIYA HIROSHI WORLD』  ～守谷弘の世界～2012年5月5日(土)大田区民ホールアプリコ　大ホール　瓦田　尚指揮守谷弘： 東日本大震災祈念作品「海の記憶」より“海よ愛よ” （世界初演）  他,http://i-amabile.com/concert/koyukai2012moriya
300,"佐藤久成 ヴァイオリン・リサイタル 『ニーベルングの指輪』CD発売記念2012年5月3日 Hisaya Sato, Violin / Hisaya Sato Violin Recital, Tokyo Bunka Kaikan, May 3rd, 2012",1,2012-05-03,"佐藤久成 ヴァイオリン・リサイタル 『ニーベルングの指輪』CD発売記念2012年5月3日 Hisaya Sato, Violin / Hisaya Sato Violin Recital, Tokyo Bunka Kaikan, May 3rd, 2012","●佐藤久成 ヴァイオリン・リサイタル 『ニーベルングの指輪』CD発売記念2012年5月3日 Hisaya Sato, Violin / Hisaya Sato Violin Recital, Tokyo Bunka Kaikan, May 3rd, 20122012年5月3日(木)東京文化会館小ホールワーグナー（オンドジーチェク編）： 楽劇『さまよえるオランダ人』より「序曲」 （日本初演）  ワーグナー（ジット編）： 楽劇『ニュルンベルクのマイスタージンガー』より「前奏曲」 （日本初演）  ワーグナー（ゲルトナー/佐藤久成編）： 楽劇『ニーベルングの指輪〈神々の黄昏〉』より「葬送行進曲」 （日本初演）  他",http://i-amabile.com/concert/hisaya_sato2012cd
32,アルエム弦楽合奏団 ,2,2012-04-30,アルエム弦楽合奏団 第５回定期演奏会,●アルエム弦楽合奏団 第５回定期演奏会2012年4月30日(月)オペラシティリサイタルホール　堀越隆一指揮A.ドヴォルザーク： アメリカ（弦楽合奏版） （世界初演）  他,http://i-amabile.com/concert/artaim5
104,オーケストラRe:≪一期一会≫×オルソ・ポラーレ管弦楽団 特別演奏会,1,2012-03-18,オーケストラRe:≪一期一会≫×オルソ・ポラーレ管弦楽団 特別演奏会,●オーケストラRe:≪一期一会≫×オルソ・ポラーレ管弦楽団 特別演奏会2012年3月18日(日)同志社大学　寒梅館ハーディーホール　中久保大輔　(一期一会)、稲熊匠　(オルソ・ポラーレ)指揮稲熊匠(2011年度同志社交響楽団卒団生)： 交響曲第1番 ニ短調 Op.14 （世界初演）  他,http://i-amabile.com/concert/ichigo_ichie_orso_polare_special2012
4,オーケストラ・ソノーレ長野  ,5,2011-11-27,オーケストラ・ソノーレ長野  第22回定期演奏会,●オーケストラ・ソノーレ長野  第22回定期演奏会2011年11月27日(日)ホクト文化ホール中ホール　橋本　久喜指揮コルンゴルト： 主題と変奏 （日本初演）  他,http://i-amabile.com/concert/sonorenagano22
9,ユニコーン・シンフォニー・オーケストラ ,4,2011-09-24,ユニコーン・シンフォニー・オーケストラ 第2回定期演奏会 ,●ユニコーン・シンフォニー・オーケストラ 第2回定期演奏会 2011年9月24日(土)第一生命ホール　藤岡 幸夫指揮近谷直之： Symphonic Suite 『Kokoro』  （世界初演）  他,http://i-amabile.com/concert/unicorn_orch2
82,東京プロムナードフィルハーモニカー ,1,2011-09-19,東京プロムナードフィルハーモニカー 第５回定期演奏会,●東京プロムナードフィルハーモニカー 第５回定期演奏会2011年9月19日(月)杉並公会堂　大ホール　佐藤　迪指揮今井　重幸： カスタネット小協奏曲「ファンダンゴスに基づく協奏的変容」 （世界初演）  他,http://i-amabile.com/concert/promenadephil5
193,栃木県交響楽団　特別演奏会,1,2011-09-18,栃木県交響楽団　特別演奏会,●栃木県交響楽団　特別演奏会2011年9月18日(日)栃木県総合文化センター メインホール　荻町 修指揮ポール･ラムジェ： ディヴェルティメント･コンチェルタンテ （日本初演）  他,http://i-amabile.com/concert/tochikyo_special2011
1,オーケストラ《エクセルシス》 ,7,2011-08-07,オーケストラ《エクセルシス》 第2回演奏会,●オーケストラ《エクセルシス》 第2回演奏会2011年8月7日(日)渋谷区文化総合センター大和田 さくらホール　大浦智弘指揮ノスコフスキ： 演奏会用序曲「モルスキェ・オコ」 （日本初演）  カルウォヴィチ： 交響曲「復活」 作品7 （日本初演）  他,http://i-amabile.com/concert/orchestra_excelsis2
7,フィルハーモニア・エテルナ ,4,2011-06-12,フィルハーモニア・エテルナ 第１７回定期演奏会,●フィルハーモニア・エテルナ 第１７回定期演奏会2011年6月12日(日)すみだトリフォニーホール（大ホール）　十束尚宏指揮十束尚宏： Zwischenspie（間奏曲） （世界初演）  十束尚宏： Zu einer Geschichte（ある物語に寄せて） （世界初演）  他,http://i-amabile.com/concert/phil-aeterna17
45,新宿交響楽団 ,2,2011-06-12,新宿交響楽団 第41回定期演奏会,●新宿交響楽団 第41回定期演奏会2011年6月12日(日)サンパール荒川 大ホール　高畠 浩指揮アレハンドロ・サンチェス・ナバーロ： 運命のハリケーン （世界初演）  他,http://i-amabile.com/concert/sso41
13,アイノラ交響楽団 ,3,2011-04-03,アイノラ交響楽団 第８回定期演奏会,●アイノラ交響楽団 第８回定期演奏会2011年4月3日(日)杉並公会堂大ホール　新田ユリ指揮シベリウス： 序曲　イ短調 （日本初演）  他,http://i-amabile.com/concert/ainola8
0,オーケストラ・ナデージダ ,11,2011-02-26,オーケストラ・ナデージダ 第5回演奏会,●オーケストラ・ナデージダ 第5回演奏会2011年2月26日(土)狛江エコルマホール　渡辺　新指揮ボルトキエヴィチ： ピアノ協奏曲第1番変ロ長調　作品16 （日本初演）  アッテルベリ： 交響曲第2番ヘ長調　作品6 （日本初演）  他,http://i-amabile.com/concert/nadezhda5
249,文京フィルハーモニック管弦楽団  ,1,2010-09-20,文京フィルハーモニック管弦楽団  第６回定期演奏会 ,●文京フィルハーモニック管弦楽団  第６回定期演奏会 2010年9月20日(月)第一生命ホール　野　勝治指揮小田倉光司作曲： 旅路（世界初演曲） （世界初演）  他,http://i-amabile.com/concert/bunkyo_po6
1,オーケストラ《エクセルシス》 ,7,2010-09-20,オーケストラ《エクセルシス》 第1回演奏会,●オーケストラ《エクセルシス》 第1回演奏会2010年9月20日(月)かつしかシンフォニーヒルズ　モーツァルトホール　大浦智弘指揮ステーンハンマル： ピアノ協奏曲第2番 ニ短調　作品23 （日本初演）  ステーンハンマル： 交響曲第1番 ヘ長調 （日本初演）  他,http://i-amabile.com/concert/orchestra_excelsis1
0,オーケストラ・ナデージダ ,11,2010-09-04,オーケストラ・ナデージダ 第４回演奏会　★　ロシア文化フェスティバル2010参加公演　★,●オーケストラ・ナデージダ 第４回演奏会　★　ロシア文化フェスティバル2010参加公演　★2010年9月4日(土)狛江エコルマホール　渡辺　新指揮アッテルベリ： ピアノ協奏曲　変ロ短調　作品37 （日本初演）  レヴィチン： オーボエ協奏曲　作品50 （日本初演）  ベアセン： 交響曲　第１番　ハ短調　作品3 （日本初演）  他,http://i-amabile.com/concert/nadezhda4
9,ユニコーン・シンフォニー・オーケストラ ,4,2010-06-12,ユニコーン・シンフォニー・オーケストラ 第1回定期演奏会 ,●ユニコーン・シンフォニー・オーケストラ 第1回定期演奏会 2010年6月12日(土)ティアラこうとう 大ホール　藤岡 幸夫指揮近谷直之：  『G.S.D』　  （世界初演）  他,http://i-amabile.com/concert/unicorn_orch1
44,かもめ管弦楽団 ,2,2010-02-28,かもめ管弦楽団 第33回定期演奏会,●かもめ管弦楽団 第33回定期演奏会2010年2月28日(日)ティアラこうとう　大ホール　篠原信夫指揮山下美香： ＧＩＦＴ　かもめ管弦楽団30周年記念委嘱作品(初演) （世界初演）  他,http://i-amabile.com/concert/kamome_ens33
0,オーケストラ・ナデージダ ,11,2010-02-07,オーケストラ・ナデージダ 第３回演奏会　～　ロシアン・カンタービレ＆アッテルベリ　～,●オーケストラ・ナデージダ 第３回演奏会　～　ロシアン・カンタービレ＆アッテルベリ　～2010年2月7日(日)八王子市芸術文化会館　いちょうホール　渡辺　新指揮アッテルベリ： 交響曲　第4番　「小交響曲」 （日本初演）  他,http://i-amabile.com/concert/nadezhda3
92,八幡市民オーケストラ やわた市民音楽祭,1,2010-01-24,八幡市民オーケストラ やわた市民音楽祭,●八幡市民オーケストラ やわた市民音楽祭2010年1月24日(日)八幡市文化センター　藏野雅彦指揮平野一郎： 八幡縁起（八幡市委嘱作品・世界初演） （世界初演）  他,http://i-amabile.com/concert/yawata_shimin2010shimin
4,オーケストラ・ソノーレ長野  ,5,2009-11-29,オーケストラ・ソノーレ長野  第18回定期演奏会,●オーケストラ・ソノーレ長野  第18回定期演奏会2009年11月29日(日)ホクト文化ホール中ホール　米崎　栄和指揮アイアランド： 2つの交響的習作 （日本初演）  他,http://i-amabile.com/concert/sonorenagano18
155,慶應Kプレミアムオーケストラ ,1,2009-11-24,慶應Kプレミアムオーケストラ 第1回記念定期演奏会,●慶應Kプレミアムオーケストラ 第1回記念定期演奏会2009年11月24日(火)川崎市幸市民館　大ホール　横山　奏指揮千住明： STORY～Kプレミアムオーケストラテーマ曲～ （日本初演）  他,http://i-amabile.com/concert/keio_premium1
0,オーケストラ・ナデージダ ,11,2009-09-20,オーケストラ・ナデージダ 第２回演奏会　～ 青年ピアニストの出世作 ＆ ロシアの祭典 ～,●オーケストラ・ナデージダ 第２回演奏会　～ 青年ピアニストの出世作 ＆ ロシアの祭典 ～2009年9月20日(日)八王子市芸術文化会館　いちょうホール　渡辺　新指揮ステンハンマル： ピアノ協奏曲　第１番　変ロ短調　作品１   ★完全原典版 （日本初演）  他,http://i-amabile.com/concert/nadezhda2
22,フィルハーモニア・エテルナ  ,2,2009-07-20,フィルハーモニア・エテルナ  第十五回定期演奏会 ,●フィルハーモニア・エテルナ  第十五回定期演奏会 2009年7月20日(月)すみだトリフォニーホール　十束尚宏指揮シュールホフ： 交響曲第５番 （日本初演）  他,http://i-amabile.com/concert/phil-aeterna15
2,Musica Promenade ,5,2009-06-20,Musica Promenade 第6回演奏会,●Musica Promenade 第6回演奏会2009年6月20日(土)セシオン杉並　瓦田尚指揮山口琢也： 欧亜夢譚～EurasianFantasy（委嘱） （世界初演）  他,http://i-amabile.com/concert/musica_promenade6
0,オーケストラ・ナデージダ ,11,2009-04-05,オーケストラ・ナデージダ 第１回演奏会　～　北欧・ロシアのロマンティシズム　～,●オーケストラ・ナデージダ 第１回演奏会　～　北欧・ロシアのロマンティシズム　～2009年4月5日(日)日野市民会館　渡辺　新指揮アッテルベリ： 交響曲　第8番　作品48 （日本初演）  他,http://i-amabile.com/concert/nadezhda1
290,チェンバー・フィルハーモニック東京 ,1,2009-03-07,チェンバー・フィルハーモニック東京 第５回演奏会　We?Mendelssohn ?メンデルスゾーン生誕200周年ガラ?,●チェンバー・フィルハーモニック東京 第５回演奏会　We?Mendelssohn ?メンデルスゾーン生誕200周年ガラ?2009年3月7日(土)三鷹市芸術文化センター 風のホール　木村康人指揮メンデルスゾーン： 《ヘブリディーズ諸島(フィンガルの洞窟)》序曲　作品26(原典版) （日本初演）  他,http://i-amabile.com/concert/tcp5
195,ナズドラヴィ・フィルハーモニー ,1,2009-01-18,ナズドラヴィ・フィルハーモニー 第１回演奏会,●ナズドラヴィ・フィルハーモニー 第１回演奏会2009年1月18日(日)日野市民会館　佐伯正則指揮ドヴォルジャーク： 交響曲第１番「ズロニツェの鐘」 （日本初演）  他,http://i-amabile.com/concert/nazdravi1
265,慶應義塾ユースオーケストラ  慶應義塾創立１５０年記念演奏会 ,1,2008-12-16,慶應義塾ユースオーケストラ  慶應義塾創立１５０年記念演奏会 ,●慶應義塾ユースオーケストラ  慶應義塾創立１５０年記念演奏会 2008年12月16日(火)杉並公会堂 大ホール　坂入 健司郎指揮近谷直之： 150の継承～慶應義塾祝典序曲 （日本初演）  他,http://i-amabile.com/concert/keio_youth1
162,慶應義塾ワグネル・ソサィエティー・オーケストラ 慶應義塾創立150周年記念 ワグネル･ソサィエティ特別演奏会,1,2008-10-26,慶應義塾ワグネル・ソサィエティー・オーケストラ 慶應義塾創立150周年記念 ワグネル･ソサィエティ特別演奏会,●慶應義塾ワグネル・ソサィエティー・オーケストラ 慶應義塾創立150周年記念 ワグネル･ソサィエティ特別演奏会2008年10月26日(日)サントリーホール　藤岡幸夫指揮吉松隆： 大学祝典序曲EX （世界初演）  他,http://i-amabile.com/concert/wagner150aniv
2,Musica Promenade ,5,2008-09-28,Musica Promenade 第5回演奏会,●Musica Promenade 第5回演奏会2008年9月28日(日)セシオン杉並　瓦田尚指揮大曲万寿男： 狂詩曲｢永遠の人｣(委嘱) （世界初演）  秋庭潤： 想送歌(委嘱) （世界初演）  他,http://i-amabile.com/concert/musica_promenade5
74,アイリスフィルハーモニックオーケストラ  ,1,2008-08-23,アイリスフィルハーモニックオーケストラ  第１回演奏会,●アイリスフィルハーモニックオーケストラ  第１回演奏会2008年8月23日(土)江戸川区総合文化センター　大ホール　中島 章博指揮久隆信： ゲルニカ（オーケストラ版） （世界初演）  他,http://i-amabile.com/concert/iris_phil1
28,関西シティフィルハーモニー交響楽団 ,2,2008-05-10,関西シティフィルハーモニー交響楽団 第45回定期演奏会,●関西シティフィルハーモニー交響楽団 第45回定期演奏会2008年5月10日(土)ザ・シンフォニーホール　藏野雅彦指揮高 昌帥： 「あなたに」より 谷川俊太郎の詩によるソプラノ独唱、男声朗読とオーケストラの為の歌曲  （世界初演）  他,http://i-amabile.com/concert/kansai_cpo45
283,八王子フィルハーモニー管弦楽団 ,1,2008-02-03,八王子フィルハーモニー管弦楽団 第３８回定期演奏会,●八王子フィルハーモニー管弦楽団 第３８回定期演奏会2008年2月3日(日)いちょうホール　西田博指揮西田由美子： 永遠の世界へ （世界初演）  他,http://i-amabile.com/concert/8_po38
26,オーケストラ・ディマンシュ ,2,2007-09-16,オーケストラ・ディマンシュ 第２６回演奏会,●オーケストラ・ディマンシュ 第２６回演奏会2007年9月16日(日)北とぴあ　さくらホール　金山　隆夫指揮E.W.コルンゴルト： シンフォニエッタ Op.5 （日本初演）  他,http://i-amabile.com/concert/o-dimanche26
22,フィルハーモニア・エテルナ  ,2,2007-08-19,フィルハーモニア・エテルナ  第十三回定期演奏会 ,●フィルハーモニア・エテルナ  第十三回定期演奏会 2007年8月19日(日)ミューザ川崎シンフォニーホール　十束尚宏指揮コルンゴルト： シャオシュピール序曲 （日本初演）  他,http://i-amabile.com/concert/phil-aeterna13
287,東京ハートフェルトフィルハーモニック管弦楽団  ,1,2007-08-12,東京ハートフェルトフィルハーモニック管弦楽団  第4回公演：第2回クラシックコンサート,●東京ハートフェルトフィルハーモニック管弦楽団  第4回公演：第2回クラシックコンサート2007年8月12日(日)東京オペラシティ　タケミツメモリアルホール(大ホール)　西谷亮指揮戸田由里子： 波面の揺れる空間  （世界初演）  他,http://i-amabile.com/concert/heartfelt4
16,芥川也寸志メモリアル オーケストラ・ニッポニカ ,3,2006-12-10,芥川也寸志メモリアル オーケストラ・ニッポニカ 第10回演奏会　「早坂文雄作品展,●芥川也寸志メモリアル オーケストラ・ニッポニカ 第10回演奏会　「早坂文雄作品展2006年12月10日(日)紀尾井ホール　本名徹次指揮早坂文雄〔松木敏晃・編〕： 交響組曲「七人の侍」(1954/2006) （日本初演）  早坂文雄〔石田匡志・編〕委嘱： 早坂文雄のスケッチによる「交響二章」(1941・49/2006) （世界初演）  他,http://i-amabile.com/concert/nipponica10
17,アモルファス合奏団 ,3,2006-10-09,アモルファス合奏団 第２５回記念演奏会,●アモルファス合奏団 第２５回記念演奏会2006年10月9日(月)東京オペラシティ　リサイタルホール　横山俊充指揮コルンゴルト： 交響的セレナーデ （日本初演）  他,http://i-amabile.com/concert/amorphous25
31,浦和フィルハーモニー管弦楽団  ,2,2006-06-25,浦和フィルハーモニー管弦楽団  第40回記念定期演奏会,●浦和フィルハーモニー管弦楽団  第40回記念定期演奏会2006年6月25日(日)彩の国さいたま芸術劇場 音楽ホール　佐藤寿一指揮渋谷牧人： Join for Joy（浦和フィル創立20周年記念委嘱作品） （世界初演）  他,http://i-amabile.com/concert/urawaphil40
296,けいはんなフィルハーモニー管弦楽団 演奏会,1,2006-06-11,けいはんなフィルハーモニー管弦楽団 演奏会,●けいはんなフィルハーモニー管弦楽団 演奏会2006年6月11日(日)けいはんなプラザ・メインホール　藏野 雅彦指揮安田 結衣子： シンフォニエッタ＜委嘱作品＞(初演) （世界初演）  他,http://i-amabile.com/concert/keihanna_phil2006_6
194,横浜市立大学管弦楽団 ,1,2005-12-17,横浜市立大学管弦楽団 第36回定期演奏会,●横浜市立大学管弦楽団 第36回定期演奏会2005年12月17日(土)ミューザ川崎　山田　和樹指揮上田真樹： 管弦小四頌（委嘱作品初演） （世界初演）  他,http://i-amabile.com/concert/ycu_orch36
124,武蔵野市民交響楽団  ,1,2005-11-27,武蔵野市民交響楽団  第63回管弦楽定期演奏会（武蔵野市民交響楽団 30周年記念演奏会）,●武蔵野市民交響楽団  第63回管弦楽定期演奏会（武蔵野市民交響楽団 30周年記念演奏会）2005年11月27日(日)武蔵野市民文化会館大ホール　曽我　大介（当団名誉団員）指揮曽我大介： 海を渡る声 （世界初演）  他,http://i-amabile.com/concert/musashino_so63
60,オーケストラ・ソノーレ長野  創立5周年記念 ,1,2005-11-13,オーケストラ・ソノーレ長野  創立5周年記念 第11回定期演奏会,●オーケストラ・ソノーレ長野  創立5周年記念 第11回定期演奏会2005年11月13日(日)長野県県民文化会館中ホール　米崎　栄和指揮L.-E.ラーション： 「冬物語」 Op.18 （日本初演）  他,http://i-amabile.com/concert/sonorenagano11
13,アイノラ交響楽団 ,3,2005-03-20,アイノラ交響楽団 第２回定期演奏会,●アイノラ交響楽団 第２回定期演奏会2005年3月20日(日)アプリコ大ホール　新田ユリ指揮シベリウス： 序曲ホ長調(1891) （日本初演）  他,http://i-amabile.com/concert/ainola2
16,芥川也寸志メモリアル オーケストラ・ニッポニカ ,3,2005-02-20,芥川也寸志メモリアル オーケストラ・ニッポニカ 第6回演奏会　「53人のブルックナー」,●芥川也寸志メモリアル オーケストラ・ニッポニカ 第6回演奏会　「53人のブルックナー」2005年2月20日(日)紀尾井ホール　本名徹次指揮朱践耳： 小交響曲Op.38(1994) （日本初演）  他,http://i-amabile.com/concert/nipponica6
4,オーケストラ・ソノーレ長野  ,5,2004-11-14,オーケストラ・ソノーレ長野  第9回定期演奏会,●オーケストラ・ソノーレ長野  第9回定期演奏会2004年11月14日(日)長野県県民文化会館中ホール　橋本　久喜指揮フーサ： 弦楽のための４つの小品 （日本初演）  他,http://i-amabile.com/concert/sonorenagano9
16,芥川也寸志メモリアル オーケストラ・ニッポニカ ,3,2004-10-03,芥川也寸志メモリアル オーケストラ・ニッポニカ 第5回演奏会　石井眞木企画原案「第2回日中友好合作現代音楽祭in東京2004」- 古楽同源・新楽共創 -,●芥川也寸志メモリアル オーケストラ・ニッポニカ 第5回演奏会　石井眞木企画原案「第2回日中友好合作現代音楽祭in東京2004」- 古楽同源・新楽共創 -2004年10月3日(日)紀尾井ホール　本名徹次指揮秦文?： 「風月迭響」リコーダーと中国笙とオーケストラのための(2004) （世界初演）  他,http://i-amabile.com/concert/nipponica5
303,熊本交響楽団  ,1,2004-04-25,熊本交響楽団  第77回定期演奏会,●熊本交響楽団  第77回定期演奏会2004年4月25日(日)熊本県立劇場コンサートホール　山田和樹指揮ビル・ダグラス： マリンバ協奏曲 （世界初演）  他,http://i-amabile.com/concert/kumamoto_so77
291,調布フィルハーモニー管弦楽団 定期演奏会,1,2003-11-23,調布フィルハーモニー管弦楽団 定期演奏会,●調布フィルハーモニー管弦楽団 定期演奏会2003年11月23日(日)不明　尾崎晋也指揮ボルディザール・チーキー： 交響詩「山岳」 （日本初演）  他,http://i-amabile.com/concert/chofu_po2003regular
4,オーケストラ・ソノーレ長野  ,5,2003-06-01,オーケストラ・ソノーレ長野  第6回定期演奏会,●オーケストラ・ソノーレ長野  第6回定期演奏会2003年6月1日(日)長野県県民文化会館中ホール　加藤　晃指揮カウエル： 賛美歌とフーガ風の調べ 第16番 （日本初演）  他,http://i-amabile.com/concert/sonorenagano6
4,オーケストラ・ソノーレ長野  ,5,2001-07-07,オーケストラ・ソノーレ長野  第2回定期演奏会,●オーケストラ・ソノーレ長野  第2回定期演奏会2001年7月7日(土)長野市松代文化ホール　加藤　晃指揮クルシェネク： ７つのやさしい小品 （日本初演）  他,http://i-amabile.com/concert/sonorenagano2
227,町田フィルハーモニー交響楽団 ,1,2000-04-23,町田フィルハーモニー交響楽団 第50回定期演奏会(創立25周年記念シリーズ2),●町田フィルハーモニー交響楽団 第50回定期演奏会(創立25周年記念シリーズ2)2000年4月23日(日)町田市民ホール　荒谷俊治指揮肥後一郎： 神話への序章(町田フィル委託作品日本初演) （世界初演）  他,http://i-amabile.com/concert/machida_pso50
136,日本大学管弦楽団 ,1,1999-12-21,日本大学管弦楽団 第56回定期演奏会,●日本大学管弦楽団 第56回定期演奏会1999年12月21日(火)練馬文化センター　小林研一郎指揮小林研一郎： 日本風とオランダ風の主題によるパッサカリア ～オランダ日本修好記念祝典曲～ （日本初演）  他,http://i-amabile.com/concert/nihon_univ_po56
44,かもめ管弦楽団 ,2,1999-09-23,かもめ管弦楽団 第18回定期演奏会,●かもめ管弦楽団 第18回定期演奏会1999年9月23日(木)なかのZERO　大ホール　篠原 信夫指揮ブラガート： チェロと弦楽の為のタンゴ「グラシエラとブエノスアイレス」(日本初演) （日本初演）  他,http://i-amabile.com/concert/kamome_ens18
28,関西シティフィルハーモニー交響楽団 ,2,1999-09-05,関西シティフィルハーモニー交響楽団 第30回定期演奏会,●関西シティフィルハーモニー交響楽団 第30回定期演奏会1999年9月5日(日)ザ・シンフォニーホール　ズラタン・スルジッチ指揮ペヤーチェヴィッチ： フルオーケストラの為の交響曲嬰ヘ短調  作品４１ （日本初演）  他,http://i-amabile.com/concert/kansai_cpo30
21,東京アカデミッシェカペレ ,2,1998-06-14,東京アカデミッシェカペレ 第15回演奏会,●東京アカデミッシェカペレ 第15回演奏会1998年6月14日(日)オーチャードホール　井﨑 正浩指揮Z. コダーイ： ハンガリー・ロンド （日本初演）  他,http://i-amabile.com/concert/kapelle15
114,オーケストラ・エレティール ,1,1997-02-23,オーケストラ・エレティール 第15回定期演奏会,●オーケストラ・エレティール 第15回定期演奏会1997年2月23日(日)ティアラこうとう　大ホール　中村　ユリ指揮ゲーゼ： 交響曲第５番ニ短調 （日本初演）  他,http://i-amabile.com/concert/eltl51
31,浦和フィルハーモニー管弦楽団  ,2,1996-11-04,浦和フィルハーモニー管弦楽団  第21回定期演奏会,●浦和フィルハーモニー管弦楽団  第21回定期演奏会1996年11月4日(月)彩の国さいたま芸術劇場 音楽ホール　佐藤寿一指揮山内雅弘： 管弦楽のためのシンフォニア（浦和フィル創立10周年記念委嘱作品） （世界初演）  他,http://i-amabile.com/concert/urawaphil21
148,国分寺チェンバーオーケストラ　初の自主公演,1,1996-09-01,国分寺チェンバーオーケストラ　初の自主公演,●国分寺チェンバーオーケストラ　初の自主公演1996年9月1日(日)三鷹市芸術文化センター／風のホール　坂本 徹指揮諸岡範澄： 古典協奏曲(委嘱作品) （世界初演）  他,http://i-amabile.com/concert/kokubunji_chamber199609
111,東京楽友協会交響楽団  創立35周年記念特別演奏会,1,1996-07-28,東京楽友協会交響楽団  創立35周年記念特別演奏会,●東京楽友協会交響楽団  創立35周年記念特別演奏会1996年7月28日(日)ティアラ江東　紙谷一衛指揮ルーセル： 交響曲第１番「森の詩」 （日本初演）  他,http://i-amabile.com/concert/gakuyu34aniv
199,オーケストラ・ダスビダーニャ ,1,1996-02-25,オーケストラ・ダスビダーニャ 第３回定期演奏会,●オーケストラ・ダスビダーニャ 第３回定期演奏会1996年2月25日(日)府中の森芸術劇場どりーむホール　長田雅人、白川悟志指揮作曲・指揮：白川悟志： オーケストラ内暴力 （世界初演）  他,http://i-amabile.com/concert/dasubi3
309,栃木県交響楽団 ,1,1995-02-05,栃木県交響楽団 第５８回定期演奏会,●栃木県交響楽団 第５８回定期演奏会1995年2月5日(日)宇都宮市文化会館大ホ－ル　中村　ユリ指揮ゲ－ゼ： 交響曲第１番 （日本初演）  他,http://i-amabile.com/concert/tochikyo58
218,東京楽友協会交響楽団  ,1,1993-04-04,東京楽友協会交響楽団  第54回定期演奏会,●東京楽友協会交響楽団  第54回定期演奏会1993年4月4日(日)かつしかシンフォニーヒルズ　紙谷一衛指揮ロジェ・デュカス： オルフェ （日本初演）  他,http://i-amabile.com/concert/gakuyu54
259,フィルハーモニックアンサンブル管弦楽団 ,1,1992-07-26,フィルハーモニックアンサンブル管弦楽団 第22回演奏会(アメリカ演奏旅行記念公演),●フィルハーモニックアンサンブル管弦楽団 第22回演奏会(アメリカ演奏旅行記念公演)1992年7月26日(日)サントリーホール　河地良智指揮アイネム： 管弦楽のためのカプリチョ （日本初演）  他,http://i-amabile.com/concert/philharmonic_ensemble_orchestra22
181,八幡市民オーケストラ サマーコンサート,1,1990-06-10,八幡市民オーケストラ サマーコンサート,●八幡市民オーケストラ サマーコンサート1990年6月10日(日)八幡市文化センター　加藤完二指揮バッハ/ストコフスキー： シャコンヌ（ストコフスキー編曲日本初演） （日本初演）  他,http://i-amabile.com/concert/yawata_shimin1980summer
81,豊島区管弦楽団 ,1,1990-05-20,豊島区管弦楽団 第30回定期演奏会 ,●豊島区管弦楽団 第30回定期演奏会 1990年5月20日(日)学習院創立百周年記念会館 正堂　山岡重信指揮宗像　和： 二胡とオーケストラのための「飛天女幻想」《世界初演》 （世界初演）  他,http://i-amabile.com/concert/toshima-orch30
21,東京アカデミッシェカペレ ,2,1990-02-12,東京アカデミッシェカペレ 第1回演奏会,●東京アカデミッシェカペレ 第1回演奏会1990年2月12日(月)オーチャードホール　長田 雅人指揮鈴木 隆太:： 「うみのうた」(委嘱作品) （世界初演）  他,http://i-amabile.com/concert/kapelle1
3,東京理科大学管弦楽団 ,5,1983-11-29,東京理科大学管弦楽団 第24回定期演奏会,●東京理科大学管弦楽団 第24回定期演奏会1983年11月29日(火)練馬文化センター　川合 良一指揮ニールセン： 交響曲 第3番 （日本初演）  他,http://i-amabile.com/concert/tus-orche24
96,アンサンブル・ディマンシュ  ,1,1980-09-06,アンサンブル・ディマンシュ  第7回演奏会,●アンサンブル・ディマンシュ  第7回演奏会1980年9月6日(土)東京都勤労福祉会館ホール　山本誠一郎指揮G.フォーレ： 組曲「マスクとベルガマスク」（作品112） （日本初演）  他,http://i-amabile.com/concert/e_dimanche7
52,お茶の水管弦楽団 ,1,1975-07-18,お茶の水管弦楽団 第16回定期演奏会,●お茶の水管弦楽団 第16回定期演奏会1975年7月18日(金)郵便貯金ホール　尾原勝吉指揮長島寛行： Ebb Tide（委嘱作品） （世界初演）  他,http://i-amabile.com/concert/ochakan16
6,九大フィルハーモニー・オーケストラ ,4,1975-06-13,九大フィルハーモニー・オーケストラ 第１１４回定期演奏会,●九大フィルハーモニー・オーケストラ 第１１４回定期演奏会1975年6月13日(金)小倉市民会館(第１３回)　堤俊作指揮エルガー： 序曲「In the South」 （日本初演）  他,http://i-amabile.com/concert/kyudaiphil114kokura
3,東京理科大学管弦楽団 ,5,1970-11-22,東京理科大学管弦楽団 第11回定期演奏会,●東京理科大学管弦楽団 第11回定期演奏会1970年11月22日(日)都市センターホール　村川 千秋指揮シェバーリン： 交響楽のための第1組曲 （日本初演）  他,http://i-amabile.com/concert/tus-orche11
34,ＯＢ交響楽団 ,2,1969-07-27,ＯＢ交響楽団 第54回定期演奏会,●ＯＢ交響楽団 第54回定期演奏会1969年7月27日(日)東京文化会館小ホール　小林　道夫指揮モーツァルト： 独奏コントラバス付のバスのためのアリア（本邦初演） （日本初演）  他,http://i-amabile.com/concert/ob_sym54
3,東京理科大学管弦楽団 ,5,1968-11-16,東京理科大学管弦楽団 第9回定期演奏会,●東京理科大学管弦楽団 第9回定期演奏会1968年11月16日(土)虎ノ門ホール　村川 千秋指揮チェベス： シンフォニアインディア （日本初演）  他,http://i-amabile.com/concert/tus-orche9
3,東京理科大学管弦楽団 ,5,1967-11-25,東京理科大学管弦楽団 第8回定期演奏会,●東京理科大学管弦楽団 第8回定期演奏会1967年11月25日(土)東京文化会館　村川 千秋指揮アダスキン： サスカチュワンレージェント （日本初演）  他,http://i-amabile.com/concert/tus-orche8
34,ＯＢ交響楽団 ,2,1940-06-16,ＯＢ交響楽団 第7回定期演奏会,●ＯＢ交響楽団 第7回定期演奏会1940年6月16日(日)日本青年館　坂本　良隆指揮モーツァルト： 歌劇「ティトス」序曲（本邦初演） （日本初演）  他,http://i-amabile.com/concert/ob_sym7
6,九大フィルハーモニー・オーケストラ ,4,1922-05-20,九大フィルハーモニー・オーケストラ 第２０回春季演奏大会メンデルスゾーンの夕,●九大フィルハーモニー・オーケストラ 第２０回春季演奏大会メンデルスゾーンの夕1922年5月20日(土)福岡市記念館　榊保三郎指揮メンデルスゾーン： 交響曲第４番「イタリア」 （日本初演）  他,http://i-amabile.com/concert/kyudaiphil20
6,九大フィルハーモニー・オーケストラ ,4,1919-11-15,九大フィルハーモニー・オーケストラ 第１５回秋季演奏大会創立１０周年,●九大フィルハーモニー・オーケストラ 第１５回秋季演奏大会創立１０周年1919年11月15日(土)福岡市記念館　榊保三郎指揮ベートーベン： 交響曲第１番 （日本初演）  他,http://i-amabile.com/concert/kyudaiphil15
6,九大フィルハーモニー・オーケストラ ,4,1919-05-10,九大フィルハーモニー・オーケストラ 第１４回春季演奏大会,●九大フィルハーモニー・オーケストラ 第１４回春季演奏大会1919年5月10日(土)福岡市記念館　榊保三郎指揮モーツァルト： 交響曲第４０番 （日本初演）  メンデルスゾーン： 静けき海と幸ある航路の序曲 （日本初演）  他,http://i-amabile.com/concert/kyudaiphil14
